Sample	1	2	3	4	5	6	7	8	9	12	17	22	27	32	37	42	47	52	57	62	67	72	77	82	87	92	97	102	107	112	117	122	127	132	137	142	147	150
UEB_10_R1	31.2695546668841	31.5357233481747	35.4082171968596	36.0078132560555	36.1885236157922	39.7121087371154	39.8335140563932	39.9383239695166	40.0173637014115	39.9012800983906	39.8115700350753	39.7016745140861	39.6669319853908	39.6329032683314	39.6164800380395	39.6097938690305	39.576637042309	39.5370162864116	39.4711709635066	39.4094078354305	39.3620263639765	39.3242227701911	38.9657497289154	39.2677335804274	39.1472233546518	38.9316741102215	38.7195722692847	38.6656874347054	38.549786980472	38.435540618492	38.3850964817297	38.2637777266385	38.05409370116	37.7983384019611	37.3827306733642	36.7744936261783	36.0180379647967	35.5946881517556
UEB_10_R2	30.8651612296077	30.9351509653507	34.0194716079374	34.7477747441365	35.3422742987425	38.6372897713288	38.8774307124553	38.8650038748142	38.7089252553301	38.6994600025451	38.675833389849	38.5743970034771	38.5216551057249	38.4565535794977	38.3970829164511	38.3070260248826	38.2242473830717	38.1478456871451	38.0088320235674	37.8727049631912	37.8242234940994	37.682646776208	37.2626667560757	37.622643354789	37.5446688348354	37.369903666862	37.2466567249934	37.0539769614294	36.7879284870089	36.5434296563112	36.234971664707	35.8454183846788	35.4730416567288	34.8559018715695	34.3064205708817	33.6605326745514	32.9339594885702	32.2907047894532
UEB_11_R1	31.4757299794115	31.5427433851828	35.2176611570486	35.748844809564	36.2214477919846	39.7683747897172	39.8762323919724	39.8247132676222	39.8462114491887	39.8207636802771	39.8285858491386	39.7982373946732	39.7042615660159	39.6485685526983	39.6260435031431	39.6063570392351	39.565764873064	39.5221858778149	39.4538437609828	39.3981493056085	39.3463090558278	39.3035022613509	38.9862316544634	39.2363110293854	39.1185365266787	38.9099443819324	38.7060899291291	38.6545791275062	38.5430448162387	38.4249545031105	38.3813471611465	38.254202709501	38.06431684211	37.8262797944369	37.4542399557659	36.8990410322819	36.2135024714792	35.8288418760087
UEB_11_R2	30.8410940019093	30.9177281920852	34.1322178543926	34.9948603038455	35.252372698323	38.3647558865785	38.5977353941285	38.5986997180573	38.4895446767712	38.50463159777	38.4190164431547	38.3198689458854	38.27645047215	38.2011596196102	38.115215676063	38.0147718110049	37.9279002541728	37.8470213082421	37.6975946081911	37.5555045159036	37.5105458431891	37.3613729039191	36.8971167517961	37.2865250512033	37.2062266361061	37.0355003875012	36.9115250409029	36.7222133180942	36.462382055211	36.2095667690802	35.8966272353424	35.500109555109	35.1330298971319	34.5267473504268	34.0069046911753	33.3983799110787	32.7200117095006	32.1184420925644
UEB_12_R1	31.4709402746681	31.5033650614492	35.0307467648481	35.906293033128	36.273367845628	39.752939638177	39.8575118534252	39.8606779644459	39.8895336669589	39.8284316882381	39.8209329666684	39.7814553778048	39.6763046470236	39.6281530073452	39.5955014283476	39.5779122942347	39.532965165452	39.4923670667342	39.420512296414	39.3593252518254	39.3016741143136	39.2580813889483	38.9331866598383	39.1868787026103	39.0694858512242	38.8582073720997	38.655541398785	38.6014331945502	38.4847345843477	38.3611692348618	38.3099359864315	38.1769646589644	37.9676504348917	37.7119168112924	37.3120047327282	36.73420500799	36.0034378784332	35.5929936384708
UEB_12_R2	31.0705650304888	31.0710874867132	34.3484341530442	35.189836657753	35.4728031570559	38.7139622621659	38.8750784811534	38.8833438475848	38.7771430192446	38.7615411725939	38.6807143954819	38.5838889980601	38.5503161977962	38.4719174800965	38.3836838104699	38.2844900199777	38.2031699059203	38.1240574089403	37.9854875525415	37.8435121682891	37.7953881825324	37.6518636526397	37.1770272184476	37.5637996638696	37.4957208562045	37.3322662651838	37.2133531619968	37.0341307632219	36.7767670236001	36.5327883081023	36.2347939313168	35.8423399951981	35.4861111935636	34.8747091359765	34.3523348213598	33.7161924232012	33.008348553636	32.3701015267144
UEB_13_R1	31.2988862947213	31.4902574658255	35.4362556748113	36.1091061311581	36.3165512022007	39.7666017063883	39.8817532641786	39.9094265437949	39.9701316727087	39.9579721538503	39.9365958066951	39.8929882096592	39.796457731764	39.7428639542819	39.7107344464691	39.6899123689529	39.6454315369253	39.6016409388452	39.5293015748261	39.4670142828858	39.4144705502796	39.3676860036564	39.051243428174	39.2958376307958	39.173066724826	38.9587509535492	38.7495305472443	38.6951552363043	38.5852358520433	38.4655398219237	38.4258860444618	38.3009239100392	38.1095950719974	37.8657585226445	37.4922120633147	36.9274216330793	36.241950537053	35.8507166569344
UEB_13_R2	31.1411395553822	30.904399844417	34.043148164713	34.7516802064792	35.3576830186328	38.7864075893974	38.9775763417279	38.9364867377511	38.739227130146	38.7644991642939	38.7291293882109	38.648504684075	38.6142435276748	38.5387287819596	38.4524276684553	38.3658787477374	38.2911639883534	38.2149912509661	38.0787028715525	37.9462296538478	37.9016724373773	37.7611745515178	37.3118641321772	37.6876662643083	37.6204221848564	37.4565593029719	37.3441717765514	37.1622305463397	36.9061072779298	36.6654174460057	36.3768428500644	36.0024685441829	35.6475726732645	35.0601763073549	34.5404470701038	33.9351294264031	33.2440577024163	32.6442404622465
UEB_14_R1	31.3476514761772	31.5318813201919	35.4500520561149	35.9596478688511	36.2697398922682	39.8353910918973	39.934636532412	39.9368977199015	39.984101279645	39.926977217316	39.9166496196447	39.8759176923687	39.7816410690211	39.7342452981738	39.7009367050513	39.6854948991108	39.6408380729477	39.5988815052351	39.5299964211421	39.4694342659376	39.4159849891313	39.3710051507086	39.0527947118308	39.2949334759454	39.1774946266295	38.9664311771392	38.7582776339682	38.7071391606358	38.5915318325176	38.4744034389571	38.4254870601919	38.3023492863635	38.1151376538553	37.9141293716461	37.5730721444882	37.0690664671182	36.4291820276263	36.0811493319126
UEB_14_R2	31.0024708861944	31.0543071351446	34.3638356409511	35.1574639013211	35.384162689593	38.6638054443376	38.8610455043648	38.8619000583598	38.7608354498075	38.7390692834354	38.6685080839486	38.5733916998965	38.5367623943373	38.4588516746411	38.3670953501282	38.2749996441477	38.1931937138174	38.1155126205577	37.977924902954	37.8394388106804	37.7936000463625	37.6465436569827	37.1789881897689	37.5667802174563	37.4885264052609	37.3210019480374	37.2000865229565	37.0095997271121	36.7425451474957	36.488602201811	36.1816052296061	35.7875646380372	35.4271671407976	34.8333588699756	34.3393063827711	33.7691039332868	33.1332655858245	32.5500628333574
UEB_15_R1	31.303220402749	31.3809990318846	35.2891843505843	36.024700727465	36.2990386143463	39.7684077744372	39.8713057152865	39.8676479173356	39.8898099769404	39.8655517933649	39.8477194557148	39.7986683547875	39.6966689612786	39.6390274575051	39.6069958907797	39.5884440747119	39.5473766828506	39.5053024995865	39.4378274078831	39.3779508061142	39.3265699848539	39.2861391653775	38.9637649149777	39.2167863837888	39.1029253464621	38.8945012016307	38.692005425987	38.6362652879535	38.5197009869264	38.3911538654887	38.339712070794	38.200686194382	37.990133249657	37.7167510727108	37.2964130269094	36.6721098429934	35.9098916424232	35.4603524702349
UEB_15_R2	30.9899258021412	31.0333278197781	34.3101502524884	35.1305084876318	35.4228294835745	38.6180922450224	38.7983212440527	38.791761126841	38.7021026105062	38.7055163525562	38.6214081620077	38.5216032851059	38.4828492350753	38.4112777339937	38.324120466317	38.2288050828493	38.1483397712199	38.0762512527122	37.9375020270424	37.8030899017614	37.7585359970292	37.6194894853258	37.1602888616454	37.5439437649798	37.4792781539968	37.3163143667033	37.2113392749999	37.0332956303453	36.7893028109402	36.5470386127246	36.2554570412965	35.870074732998	35.5168859521099	34.9167210319429	34.3882160324457	33.7384821425676	33.0112314768868	32.3728154564413
UEB_16_R1	31.2480978737694	31.5383380199895	35.2861980723102	35.9193999061184	36.263970451353	39.694516345103	39.851041604502	39.8799553928908	39.8618622577361	39.856298972736	39.8428794744057	39.7940275641294	39.6941287941206	39.6342461104614	39.6010286445692	39.5808571102823	39.5374532262216	39.4940501883421	39.4219162708172	39.3587857656292	39.3021209754064	39.2526668068061	38.921663574394	39.1763385918298	39.0460491800504	38.8271832142593	38.6121544129239	38.5592250672714	38.450570682405	38.3370847811197	38.2872979742422	38.175109981286	37.993775847495	37.8070951401588	37.49074625164	37.0231915994695	36.4091254405709	36.0922925364147
UEB_16_R2	30.9679862936462	30.9158904809961	34.0532664375149	34.8475878491945	35.237874446308	38.5426105669325	38.7381917642521	38.7209421381306	38.5697959189127	38.5534829708264	38.4831568080621	38.389411022267	38.3507438377969	38.2708883388216	38.1803072261201	38.0793430694643	37.9958428899849	37.9167197385567	37.7733948610971	37.6290611575224	37.5809334892682	37.4285336303578	36.9539720635509	37.3444335084186	37.2659556369473	37.0958424446263	36.9741504563589	36.7894343590534	36.5264563891578	36.2793596813371	35.9759414211034	35.5874811947366	35.2347035381953	34.657751732222	34.1872073883197	33.6567997338537	33.0603903032981	32.5037062735873
UEB_17_R1	31.246008191957	31.5648061329237	35.227764389495	35.8930803967234	36.2624807664131	39.7430931787812	39.9170668851423	39.9134740489027	39.9576652086467	39.9035950362496	39.8935162626935	39.8507031891784	39.7548612959731	39.7020144171052	39.6668484901552	39.6485068312509	39.6018442683361	39.557166158391	39.4859593165361	39.4219433391839	39.3621350568505	39.3160600725915	38.9866855398186	39.2381052722358	39.115064612092	38.8982703961822	38.687496463484	38.6313164375503	38.5147845508262	38.3983349004738	38.347504858722	38.2330837935387	38.0454688815193	37.835543360656	37.4828357864178	36.9597215579414	36.2900657230971	35.9297525824817
UEB_17_R2	31.1507950615937	31.0214641770181	34.2610041197386	35.1631500974384	35.2996651144863	38.6598432624915	38.8805040398783	38.8612777129753	38.7729121135627	38.7355423926516	38.6919749357267	38.6116551686814	38.5908892308193	38.5094709108085	38.4197611933206	38.3269535538301	38.252927883234	38.177477002196	38.0417443966847	37.9065506176088	37.8580246022712	37.7178616167345	37.2479676528138	37.6325884832999	37.5639655531243	37.3961573306311	37.2783123019716	37.0932879016613	36.8356176769919	36.5894116161405	36.2927272951274	35.9114406237116	35.5580551824094	34.9714366108935	34.4727797609645	33.8953956871885	33.2324521266836	32.6323611782725
UEB_18_R1	31.4807323535525	31.5000327410355	35.0208147574329	35.9202368846271	36.2849148202491	39.7808164967196	39.8747524687129	39.8833885962326	39.9177899775161	39.8538058153773	39.8498052490739	39.8096210503376	39.7084157919979	39.6590676233088	39.625665607134	39.6089088228161	39.5687807885439	39.5247463475628	39.4582500550645	39.4002881728768	39.3438552064588	39.3024910363327	38.9790143162442	39.2360018355686	39.1159678677148	38.9030630856342	38.6985601450234	38.6441829015183	38.5270940739243	38.3965618548042	38.3415761198016	38.2045091523488	37.9969734342085	37.7235819055179	37.289629218773	36.6431839505256	35.8421075598663	35.3784493586769
UEB_18_R2	31.0952303428905	31.027552422539	34.2915787209669	35.0585743595504	35.408722004797	38.7632152783907	38.9408658075661	38.9203704369932	38.7985473850783	38.7780236475688	38.719410775243	38.6245809859219	38.5955297745424	38.5217878520664	38.4311000496163	38.3344359858403	38.2581811047731	38.1820246279881	38.0422995025692	37.9030434151307	37.8528382336612	37.7111929565103	37.2470413880335	37.6275094580181	37.5619741731465	37.3945413835042	37.2848945803363	37.1048291345004	36.8510364673018	36.6119731249157	36.3167288056148	35.9357832600391	35.5837016419435	34.9725546781763	34.4485985154464	33.7808234849248	33.0356829145889	32.3645681949181
UEB_1_R1	31.4774207158235	31.5470919414328	35.2493313134684	35.7927715784845	36.2294109931811	39.76253359607	39.88421131259	39.8225858911504	39.8469040641908	39.8283476428886	39.8347757383293	39.8047272603938	39.7106758699003	39.6588642553107	39.6302001834661	39.6118230326951	39.5709818570929	39.5286604840814	39.4580336194983	39.3998281402584	39.345122357431	39.3025124341484	38.9789704531031	39.228043447617	39.110054383041	38.904632037628	38.6983074971901	38.6475790342094	38.5270466179842	38.4034535848323	38.3423509181439	38.2126540606128	37.9949156101227	37.7347264703017	37.3113190401812	36.7039759670835	35.9258341108454	35.4872323660946
UEB_1_R2	31.0904000669716	31.0871367708288	34.3990774939219	35.2291447537001	35.5119079430922	38.7797960307575	38.9448270629492	38.9470326551154	38.8325604611629	38.8236269306528	38.749681757557	38.6543835115027	38.6252858104355	38.5497630409803	38.4627953067351	38.3703240612853	38.2951892015776	38.2242462217226	38.0847450854995	37.9467737872135	37.9024447175675	37.7614098223547	37.3026066962562	37.6842196252219	37.6121610274413	37.4546046980878	37.343789317131	37.1696207028448	36.9298361725349	36.6992961906384	36.4151037775226	36.0477042334234	35.708687739319	35.1293925838385	34.6119382724351	33.9988154107567	33.2796733998331	32.6340748109415
UEB_21_R1	31.2363011157171	31.5209611096323	35.3973059651997	35.8651054392982	36.2345135072793	39.7666624451904	39.8729565394438	39.9211720706848	39.9581439571329	39.9101335092963	39.893843459626	39.8455359157069	39.7475185648052	39.6946632435357	39.6605714046501	39.6412231597094	39.5969018451798	39.5511059175442	39.4757162009335	39.4124975289564	39.3553867904722	39.3110333814469	38.982182988099	39.2426922757344	39.1227681269944	38.9158991860726	38.7020473032272	38.6457036612462	38.5291078681622	38.4083596224182	38.3580674208521	38.2230535734938	38.0117780456313	37.7340000164912	37.2940759438647	36.6523570743097	35.8576255612572	35.393993128226
UEB_21_R2	31.202847995352	31.0608290063202	34.3409942908586	35.2238096335498	35.3392997099444	38.7218113389134	38.9318038480835	38.9087021539889	38.8202293847308	38.7950618030468	38.7506080511516	38.6621545216768	38.641088608082	38.5616591289706	38.4676982009534	38.3758684489331	38.2984018082859	38.2267964936235	38.0866010554818	37.9509155071173	37.9092094499896	37.7663930459389	37.3011239627695	37.6904580611838	37.6231288412175	37.4572235554993	37.33678881251	37.1492822820836	36.8928949594516	36.6497819033135	36.3528912848644	35.9669990356851	35.6060025586797	34.986738672789	34.4255245959487	33.7425075526721	32.9846417055497	32.3238681351766
UEB_23_R1	31.4856101511823	31.5392383145246	35.2130761146696	35.755548550735	36.2141788578413	39.7245710046255	39.8527895665881	39.8073399097452	39.8259950956623	39.8125140500669	39.8126207325212	39.7824989993359	39.6881269323035	39.6348986217362	39.6048693686971	39.5869406886427	39.5490090071121	39.505928988872	39.4407243755165	39.3820564983507	39.3345430892456	39.292267152848	38.9693978654839	39.2269004102361	39.1163382898976	38.9045746914456	38.7074319563907	38.6501917827674	38.5277129763063	38.3995429251346	38.3378807968073	38.1873311282598	37.9598882228805	37.6525888764137	37.1756129028795	36.4866787510143	35.6451962034423	35.1616074040266
UEB_23_R2	31.0650368692333	31.0790711442746	34.3983796982959	35.2286811071938	35.4959008381633	38.6714836849953	38.8777034702556	38.8770239063242	38.7809750173555	38.7960289685801	38.710991657589	38.6130918445516	38.5786939367498	38.5026317826601	38.4150000732823	38.319228459609	38.2349940744585	38.1667978109454	38.02443924106	37.8859698741795	37.8417539602868	37.7022443156191	37.2393106265674	37.6228263295105	37.5556262918578	37.387155622411	37.2831859327789	37.10802349904	36.8688804927375	36.6308208252903	36.3346732220227	35.9549714168227	35.5971230004523	34.9832002383015	34.4239831157676	33.741293603202	32.949241817623	32.2731147210021
UEB_24_R1	31.278407966814	31.4774271333358	35.3864195953636	36.0798423521741	36.3088109611776	39.7625865152718	39.8727709877379	39.8941145585949	39.9503191483397	39.9385599197103	39.9161750017421	39.8724274497208	39.777715964786	39.7250521634725	39.6960020152522	39.6801372710314	39.6387050162638	39.5985323341442	39.534544273472	39.4758618286731	39.4271596078108	39.3909185096425	39.0853685564595	39.3281595845825	39.2166303958657	39.0152605290117	38.8201606514807	38.7688437290495	38.6583932128614	38.5293091834144	38.4858617165367	38.3406816614457	38.1436186351553	37.8575278398756	37.4256472475708	36.7569087265384	35.9763637994712	35.4967260162165
UEB_24_R2	30.9969643061677	31.054850942627	34.3667338417386	35.2041588204527	35.4462131521635	38.6591838949634	38.8592773687022	38.8789076548344	38.7720243992891	38.7882440153178	38.7167301172066	38.6198628891635	38.5821597319619	38.5089035538443	38.4174933659277	38.3280131263722	38.2511955747754	38.1812350868537	38.039370025447	37.9115937472717	37.8811094539836	37.7398729574146	37.2917543266647	37.6783514981029	37.6145745743421	37.4540549740925	37.3367179584118	37.1512918118767	36.8920938197599	36.652865366578	36.3555106653776	35.9778337881534	35.6076269204368	34.9973965521246	34.4321248895656	33.7474689201821	32.9748279706747	32.3180467993454
UEB_25_R1	31.4812748404834	31.5123865062284	35.0595109011739	35.9154700313252	36.2806031843477	39.7594596602993	39.8668759252437	39.8698797736929	39.9037894771401	39.8421115264785	39.8318839679253	39.7889973857093	39.6879332947247	39.6389848623195	39.6074013498431	39.588248912389	39.543719621513	39.4955460330332	39.4203003883751	39.3537954873081	39.2996360891792	39.2558232879979	38.9312175541387	39.1898546951415	39.0729163471099	38.861892092684	38.6541351103426	38.5973357216323	38.4861678409588	38.3762378960423	38.3212737531814	38.1902338034797	37.945056932442	37.6502548187692	37.1837787947504	36.5485510905763	35.7412618599326	35.2986119777265
UEB_25_R2	31.189018107992	31.0383078049754	34.3082946143776	35.1522325258998	35.4394094749549	38.7564775225893	38.9252271552277	38.9193446039723	38.787446391684	38.7693888109205	38.7003086278654	38.6039065562726	38.5724156056793	38.4945868066839	38.3974290248577	38.2924210986728	38.2047668663761	38.123339097564	37.9820353694418	37.8364932461068	37.7913876851392	37.6391620078303	37.158469579989	37.5472634142803	37.4821435524665	37.3240003396054	37.2122876429356	37.0330673620693	36.7784398592226	36.5376835417947	36.2380320962389	35.8353998014968	35.4575152429688	34.8096521710121	34.2171920459618	33.5127790646343	32.7191445121518	32.0414029091331
UEB_26_R1	31.2041132558222	31.5256868946478	35.3858547781755	35.8545857354314	36.2461342122199	39.7690793369154	39.8590437501435	39.9083276620784	39.944070204102	39.9030484568357	39.8848066501364	39.8345376115524	39.7372614625475	39.684232596386	39.6523669278602	39.6318097083771	39.5861513114966	39.5391934127263	39.4678445928737	39.4063107085569	39.3544706565903	39.3134778138502	38.994158080949	39.2455827459084	39.1330531422656	38.9277168059019	38.7221575225801	38.6705536988626	38.5633979335113	38.4596370941214	38.4158076326746	38.2906435155176	38.070866841501	37.8114259160508	37.4016716553681	36.8264831095723	36.0868445116761	35.6858404645802
UEB_26_R2	31.1385865717522	30.9725812219496	34.2343036944329	35.0659166486527	35.3444491985234	38.6992662780169	38.8889950638896	38.8677918374912	38.7580279779173	38.7292535837529	38.6611619465442	38.5600179220388	38.5253885432381	38.4403627672109	38.3453943888549	38.2374018713678	38.146848335825	38.0628017699554	37.9211567418806	37.7793712895779	37.7333521099765	37.5812232746764	37.1021889015556	37.494212885533	37.4255941567251	37.2587844414146	37.136876798155	36.9478094267274	36.6835227098517	36.4349744150262	36.1314582163966	35.7320838237422	35.3485884622561	34.7086825283079	34.1472664345574	33.4830833795431	32.7367387466868	32.0920220888512
UEB_27_R1	31.4903175740968	31.5484243137407	35.2759913969076	35.8319026593701	36.2411141392437	39.7677086123764	39.8795163789445	39.8274379132233	39.8589689708981	39.8349133641554	39.8342339649166	39.7962826444985	39.7002985478292	39.6451172920406	39.6135430919135	39.5915386565125	39.5476137024135	39.497850788551	39.4219146153552	39.3513409082602	39.3004049109633	39.2523478228935	38.9231744127161	39.1797757999673	39.0609559948703	38.8463232213992	38.6347169407231	38.5816953816811	38.4680929989273	38.3607820007081	38.308215616847	38.1772955036607	37.9379079205527	37.6432207745494	37.1899255681152	36.5575558925571	35.766484629772	35.3318377054393
UEB_27_R2	31.1411837609338	30.902868904434	34.0450946740008	34.7828486271382	35.3371544892776	38.7147896067533	38.8995661214712	38.8507864917104	38.6529232615213	38.6781305692418	38.6377469000157	38.5404288195013	38.5022931225886	38.4227780135492	38.3289452391171	38.2231500957491	38.1386469023668	38.0582201730606	37.9149626227453	37.7699279946637	37.7237759702032	37.5718755486119	37.1017309321601	37.4854618344603	37.418794355512	37.2585531284542	37.1471496378968	36.9704213699633	36.7205050378337	36.4796420652295	36.1829704007426	35.7942738948522	35.4208156326007	34.7890798113058	34.2113114224362	33.5306770464821	32.7532545179878	32.0874410330712
UEB_28_R1	31.2612590937886	31.467498937912	35.3753481566985	36.0723637605722	36.2901239779754	39.7116975802117	39.833431168591	39.8555749294073	39.9238431517187	39.9117553283712	39.887971178753	39.8388359549337	39.7432441926234	39.6853763904324	39.6517968889893	39.6293617791783	39.5826626783543	39.5342966386191	39.4570604648643	39.3891123151545	39.3316363778629	39.285348803732	38.9568431318228	39.2116337295397	39.0916751864986	38.8832723778716	38.6704881324523	38.6177488817773	38.5054922445426	38.3921255853605	38.3434250610627	38.2184087556509	37.9968275628922	37.7504766563849	37.3539156646146	36.8062900686374	36.0930598382282	35.712013071749
UEB_28_R2	31.1041265858382	30.9398623306615	34.1514165436272	34.9975165281954	35.2245238075732	38.5712369692549	38.7981705169062	38.7810719456131	38.677437740579	38.6298037682764	38.5816753754257	38.4800238014707	38.4439346459364	38.3596228346321	38.2641996019824	38.1598195528848	38.0668952740304	37.9843633900744	37.8393134890773	37.6954440647883	37.6508162403073	37.4976437781207	37.0255857116274	37.416482267687	37.3491206948237	37.1826005497611	37.0576665363125	36.8708945430664	36.6056580155332	36.3588491029223	36.0513988379813	35.6504015704022	35.2698427374166	34.6469032089686	34.0878922640706	33.4575245567611	32.7394211106472	32.1150661336805
UEB_29_R1	31.3506083628847	31.5248687189174	35.4278781910467	35.9462411548441	36.2489279198197	39.7957726342375	39.8980405881664	39.8953465899694	39.9544921129633	39.8938331137624	39.8799827758918	39.8322250179794	39.7356841930381	39.6835259618018	39.6512532120965	39.6286905345388	39.5833747422694	39.5357153109588	39.459262045668	39.3964932439076	39.3409514097058	39.2957462631182	38.9736273361515	39.2247025431931	39.1098923342547	38.9001203276498	38.6936592150674	38.6431775089012	38.5343201280582	38.4252263489675	38.3708002391484	38.2428404483241	38.0238017811054	37.7766560215249	37.3911825148931	36.8499872853532	36.1522033258502	35.7811703804109
UEB_29_R2	31.0109359147896	30.9431406646803	34.1129030495939	34.8819498730231	35.2570517314712	38.5695913116957	38.7480378945449	38.7233854188054	38.5820697485966	38.5648707306571	38.4987123735929	38.3952759153698	38.353969851783	38.2704261836583	38.1757600062387	38.0668727130118	37.969713598343	37.8877617286495	37.7413686008125	37.5985640925566	37.5496216309482	37.3920771362773	36.9120642596365	37.3056424400217	37.2298380172836	37.0579097346726	36.9275515282252	36.7337636597689	36.4584939303102	36.1977684382157	35.8737881246329	35.4502904025325	35.0544524432654	34.4052162450615	33.8464353593008	33.2049951420631	32.4908196482921	31.8602718711703
UEB_2_R1	31.4834007970892	31.5180592660892	35.0958836549923	36.0642037928504	36.3061697903377	39.7519354609189	39.889653142401	39.9227476478655	39.9965262582324	39.8790469627664	39.7983142800612	39.6890710664797	39.646266302658	39.6145673758727	39.593888046878	39.5893426694204	39.5525818264045	39.5177118919124	39.4494685779394	39.3889321752894	39.3400498448805	39.2987886543929	38.9379369053873	39.2380872587557	39.1123280210296	38.8953852061876	38.6786878145154	38.6263338086498	38.5104626100043	38.3949248281892	38.3439603970046	38.2287736541444	38.0497710001043	37.8360151776394	37.4884171375159	36.9651484283853	36.2940878357634	35.9312238117006
UEB_2_R2	30.8011124940667	30.8803644894701	33.9128932935536	34.6794712972827	35.2561574606987	38.5187592776878	38.7651672591066	38.767291660778	38.6031051196755	38.594353005849	38.5720742351482	38.46710945503	38.4144897137672	38.3521158147845	38.2913716504075	38.1963881272887	38.1125659976822	38.0366441159356	37.8902087851358	37.7502626456774	37.6951926493909	37.5455509886616	37.1146859158485	37.4746421724337	37.3953178561438	37.2188824181297	37.0936718444653	36.899923293076	36.6359759177296	36.3871367459305	36.0810679319248	35.688780886233	35.323235297271	34.7244975404076	34.2268746363244	33.6469565675065	33.0010565087336	32.4037250129875
UEB_30_R1	31.2155399958392	31.5617935281982	35.2126220072468	35.8384054107938	36.25696828245	39.7157515039614	39.8767937015655	39.8834772282034	39.9287713891923	39.8705536051733	39.8560239506943	39.8107805429864	39.7113892789653	39.6558701738874	39.6287353721329	39.6066576949082	39.5639960298885	39.5200077148454	39.4476054506683	39.3846278670619	39.3341024340771	39.2901773114197	38.9763747594528	39.2270108874673	39.1118200533971	38.9065727449247	38.7009429448172	38.6567720306513	38.5527419774276	38.447304831747	38.3974654565628	38.2739399455627	38.062405818207	37.8267590281028	37.4454792305959	36.9136575302092	36.2200152563236	35.8571113104835
UEB_30_R2	30.8915151869766	30.9646146478043	34.200950052877	35.0447937795808	35.3023255057991	38.421248981467	38.6537980444167	38.6648380749293	38.5565710545934	38.5712400097086	38.4885398571453	38.3837774137064	38.3388914027149	38.2613402160157	38.1729530087897	38.0638818241709	37.9716219378998	37.8894108978693	37.738332163104	37.5969133683535	37.5564972868016	37.4007027877464	36.933716171703	37.3264220887294	37.2511595239334	37.0812801442416	36.9572065758222	36.7689205284236	36.4975357136665	36.2445967042874	35.9300436452211	35.5209809989425	35.1380759695567	34.5092465889981	33.9594120247569	33.3393724103257	32.6300451621851	32.0028304380992
UEB_31_R1	31.3163883032597	31.3757149395324	35.2809349148571	36.0142296291551	36.279234191957	39.7275907941875	39.8441668082389	39.8346704245959	39.8619436329186	39.8467848817617	39.8216782755858	39.7722097422087	39.670224482426	39.6107763447269	39.5786842977416	39.5567731939335	39.5110875064636	39.463373279898	39.3851598930178	39.3204211702867	39.2631515175146	39.2210325950228	38.8921300533147	39.1493362074808	39.0302895035133	38.8211959461153	38.6116132266483	38.5622990951449	38.4534383474024	38.3408939378326	38.2831161105433	38.1483021085436	37.9118829471894	37.64284057858	37.2283076414631	36.6542435914217	35.9247822248463	35.5203040506355
UEB_31_R2	31.0390943464889	31.0194394855499	34.2618918314242	35.0822984638722	35.3938324657976	38.611891320836	38.780928509296	38.7810477084337	38.6625929154494	38.655328229308	38.5676195727955	38.4645307369459	38.4239739915651	38.3446464083833	38.2516630971909	38.1498136353045	38.0620588216181	37.9801315460889	37.8420451378542	37.7009537973373	37.6570381242289	37.5091015597077	37.0416431285503	37.4333252196226	37.3668459666781	37.2120838218734	37.1014552135234	36.9276868590377	36.6755998436672	36.4383858728598	36.1391467978229	35.7503136775441	35.3821490936131	34.7636493502997	34.2176275843886	33.5794130463642	32.8577023345021	32.224163818977
UEB_32_R1	31.2807864326398	31.5910254586573	35.3930368860982	36.0853010877225	36.2824047665122	39.6017046570468	39.830936911515	39.8764020746445	39.9402934987927	39.8620170812297	39.7570646365978	39.6361117529489	39.6040640127315	39.5702420081565	39.5498169197754	39.5428646007833	39.5065918267731	39.4656078147926	39.3955799357649	39.3300811892741	39.2812608671165	39.2381198227757	38.8720923784327	39.1744037527294	39.0489465034601	38.8286936281872	38.6089664541863	38.5622356871772	38.451187115138	38.3415332887577	38.2913151160507	38.1772995323891	37.9812131023487	37.7738631768661	37.436718578509	36.9522194912023	36.3227669700313	35.9994393145557
UEB_32_R2	30.6465757391083	30.7384703865661	33.6185243177906	34.4120666150629	35.0286072328061	38.2245180560209	38.5105317160946	38.4931887369017	38.3044159123468	38.2935709633536	38.271849041672	38.1634035592153	38.1042064044502	38.0321071663759	37.9674197349723	37.8624557011565	37.7659179789041	37.6862656255415	37.5374392019132	37.3910575906628	37.3368290187391	37.1742289040748	36.7481086884943	37.1167385364557	37.0371482086948	36.8587785000058	36.7266013291819	36.5303269088578	36.2555175707915	35.9986218979979	35.6722789245815	35.2600723006227	34.8746487502455	34.2566482563513	33.7346149069399	33.1633391507908	32.5226583710734	31.9509313588156
UEB_33_R1	31.4869540249288	31.5431564258669	35.2496026342595	35.7981975401347	36.2234206566075	39.7306051246796	39.8512373837869	39.8019841517482	39.82518379764	39.813288947043	39.8075223099422	39.7707928252167	39.6746821159329	39.6212505162089	39.5919136199686	39.5698319861603	39.52787548377	39.4795707802077	39.4082551475104	39.3445832254879	39.2935554625726	39.2523985340521	38.9285334689202	39.1849492418763	39.075192544631	38.8650214480311	38.6602416351997	38.6019931203978	38.4884432299824	38.3751541465341	38.3195227723562	38.1769321557462	37.9318971899482	37.6293483542869	37.1653116162427	36.528329065552	35.7256768687614	35.2782455343457
UEB_33_R2	31.1288423246603	31.0430672508906	34.3414612146825	35.1344160164396	35.41936433758	38.6408238267352	38.8155054993509	38.8300947300829	38.6977832771855	38.6930452725839	38.611125695113	38.5018008230015	38.4661420518156	38.3839193817293	38.2840851482913	38.1769284387013	38.0835568504967	38.0002175323801	37.8561532950239	37.712818894319	37.6640053989225	37.5146629919074	37.0335721790442	37.422443142001	37.3604963380287	37.1971984052854	37.0892066905444	36.9097093987015	36.6610945435486	36.4153873041433	36.1134812444393	35.7104380759075	35.3353486195952	34.6952496507171	34.1117150683885	33.4224813354899	32.6354711456717	31.9601219054322
UEB_34_R1	31.4831716444451	31.5083783160773	35.0400777990741	35.9163474400455	36.2792999605819	39.7642010548454	39.8634312712598	39.8631693559572	39.897704351624	39.8315259908713	39.82233668891	39.7813144722597	39.6801552175265	39.6284938633078	39.5965931028019	39.5789683677205	39.5336572582535	39.4868829438424	39.4127183787229	39.348483900535	39.2940698902311	39.247847334542	38.9189647851188	39.174882393844	39.0562420887186	38.8471458487614	38.6368803389626	38.5796247022527	38.4643281587021	38.3437222755753	38.2890245593769	38.1506464026849	37.9242193627489	37.6557638375611	37.2427922978346	36.6555094395369	35.9235031278777	35.5205053989998
UEB_34_R2	31.0015852893522	31.027147604379	34.3170452623423	35.1290588248448	35.3375997853294	38.5689449808964	38.77425374954	38.7704494357164	38.6942247081048	38.6533039747134	38.5737076049879	38.4700476657304	38.428965072964	38.3489726663668	38.253959262536	38.1452029891173	38.0557132624536	37.9716616682316	37.8237548377612	37.6822201853675	37.6351622602173	37.477299983895	36.9987394761076	37.3914614659787	37.3196835416087	37.1547625408306	37.032867158985	36.8509559670658	36.5887650467487	36.3400908591559	36.0285886381094	35.6192171135126	35.2459778635181	34.6052992055236	34.0528315756144	33.3924253904168	32.6601922758061	32.0206525330731
UEB_35_R1	31.2133742681721	31.5195829098794	35.3836875136424	35.8505830012901	36.2307826955205	39.761731650798	39.8605681616381	39.9069998604154	39.9461842316093	39.8981954390698	39.88116944058	39.829949227415	39.7319822702139	39.6753521593496	39.6419960506388	39.620126422046	39.5745554200935	39.5259215163584	39.4475870043606	39.3811461465602	39.3231660298089	39.2793125017673	38.9469155770566	39.204195466897	39.0862369446145	38.8774206443661	38.6668555122971	38.6190971465349	38.509183244643	38.4038161199703	38.3533271026443	38.233764838717	38.0229939054047	37.7923156664326	37.4201661879449	36.8971791196416	36.2050598141655	35.8391080410148
UEB_35_R2	31.0727774296059	30.9139720582473	34.1013255449222	34.9450268614308	35.1917587044755	38.5173431233047	38.7325901887743	38.7080897273074	38.6131446792015	38.5664773472764	38.5133948991632	38.4096985107536	38.3711147572328	38.2873421314013	38.1954850893588	38.0850294855612	37.9959595273513	37.9095157043135	37.7635809895066	37.6196811277597	37.569025835716	37.4108058219789	36.9376220561004	37.3260248059617	37.2563764349498	37.0830422378776	36.9536799988151	36.7600455946401	36.4910417064687	36.2346671865058	35.9186708375479	35.5175216958286	35.133756954357	34.5046888602671	33.9588884638349	33.3423933954497	32.6456406595993	32.0300225055838
UEB_36_R1	31.2703352097201	31.4776310461539	35.3861058658658	36.0795243655733	36.2887097075222	39.7199738220108	39.8378358365799	39.8615299192669	39.9321175769861	39.9196088638379	39.8927726515479	39.8465596961211	39.7465264664664	39.6902109657049	39.6587404946553	39.6356695795698	39.5877767210648	39.5379561368559	39.4605150961631	39.3909311038494	39.3361332123703	39.2882773568508	38.9574970807404	39.2158435260599	39.0931787917714	38.8805521316073	38.6694767566883	38.6167618249288	38.5056047350838	38.3896832674285	38.339004433055	38.2112853830904	37.9894251391466	37.7368094500431	37.3412371899478	36.7789364157253	36.0653328280587	35.6798282201321
UEB_36_R2	31.1447066255631	30.9937439799145	34.2395671462178	35.1275819928542	35.2348993737894	38.6140288379845	38.8247168176134	38.8100095509899	38.7068367478595	38.6706954613729	38.622731477612	38.531895315633	38.4987383280331	38.4206498973897	38.3201551853274	38.218971292662	38.1330401766406	38.0526520023403	37.9096013415205	37.7699841682402	37.7250986949144	37.5776162774185	37.1043079670836	37.4974686225233	37.4316927729761	37.26641232524	37.1447271557282	36.9615479338783	36.6987730589053	36.4549915485506	36.1546991357044	35.753225467467	35.3772678732128	34.7544449836205	34.200257600827	33.5633100793373	32.8337532955784	32.2080640946887
UEB_37_R1	31.3426631338634	31.5216902397403	35.4117761081061	35.9233265417231	36.2433896774649	39.7871184820217	39.8905750780614	39.8907015503462	39.9454451030935	39.8864413937796	39.8747389990974	39.8330489083385	39.73459818573	39.6837203126149	39.6511787184552	39.6343467309748	39.5895438674221	39.5467490145364	39.4729054586474	39.4116497005959	39.3583933064584	39.3141039754401	38.9902485496171	39.237778680303	39.1237699558205	38.9150778606136	38.7079733893244	38.66218096516	38.5452862111527	38.4312701671475	38.3729255063668	38.2470204198491	38.0443872053447	37.8146723720079	37.4299399572423	36.8690658507666	36.1506951765317	35.7474818088808
UEB_37_R2	31.1014662364342	31.0987845705756	34.38894243584	35.2257209648945	35.513503871736	38.7860011212472	38.9416915805732	38.9440739880679	38.8250523945041	38.822184048428	38.7516001739844	38.6550819673193	38.6218677543607	38.5494925724657	38.459908026634	38.3644591504236	38.285521109536	38.209700991018	38.0711322880666	37.9361268648185	37.8939243750795	37.749621635732	37.2823567114356	37.6684478369029	37.5993548132178	37.4310619817835	37.3128277874994	37.127322418176	36.862287940309	36.612311016238	36.306562664669	35.915023935811	35.5547714057985	34.9477090703461	34.4268366415309	33.8107790012608	33.109017036675	32.4868496353032
UEB_38_R1	31.2782405929032	31.5555334789967	35.3290798075297	35.9640895279761	36.2993337308513	39.7436397480447	39.8949012660289	39.9195871716123	39.9065565701448	39.8988612831661	39.8863455107819	39.8385207465336	39.7444503657179	39.6928586924457	39.6597972155002	39.6437664306596	39.6018749362705	39.5612963420657	39.4928803027626	39.4352037517188	39.3859246341247	39.3438432626795	39.0304321098257	39.2734176317526	39.1573093854655	38.949057895088	38.7459731587276	38.6947664847903	38.5841473429171	38.4714205447394	38.4199165296265	38.3095865463818	38.1165394455422	37.8956733627877	37.5173387754965	36.9587870695613	36.2210106830497	35.817958467069
UEB_38_R2	31.138433172298	30.98718193495	34.2432851710006	35.1223351646853	35.3970862159328	38.7567106328214	38.9568551072312	38.945613126652	38.8319948924121	38.8022711394008	38.7362496071328	38.6452588853021	38.616763017908	38.5397094818098	38.4499300287312	38.3589564692687	38.2798572124538	38.2070252412697	38.0689721168166	37.931522234918	37.8892464965061	37.7476993404867	37.2856819271871	37.6692025289526	37.6040491859205	37.4437219511724	37.3331584925818	37.1611660087759	36.9146928754352	36.684877393972	36.4056531330134	36.0365568512887	35.6992169092547	35.1316428750366	34.6401308620083	34.0619559392914	33.3764093808078	32.7527133536232
UEB_39_R1	31.2716456854407	31.5773141439163	35.2826565997096	35.9327092597432	36.2832296330211	39.751855519297	39.9184035839058	39.9249362356463	39.9689003447558	39.9205328057971	39.9063627574421	39.8625704503423	39.7675406144558	39.7141352776152	39.6820745677594	39.6623609980282	39.6176849166258	39.5751817904987	39.5038307924777	39.4393515868919	39.3883918640788	39.3396595563023	39.0195914042124	39.2678023668579	39.1482304716942	38.9357691568419	38.7287376205728	38.6721856037619	38.5563643412025	38.4454906021817	38.3927406541938	38.2765340339313	38.0645327654832	37.8147652543123	37.3961428235137	36.7943828337649	36.015289371024	35.5937620356792
UEB_39_R2	31.2362774359495	31.0238060786164	34.2351115723213	34.9625003329496	35.525160913657	38.9346261497561	39.1168849376466	39.0839157252291	38.9096416094173	38.9346318368957	38.8979505780366	38.8107945150058	38.7834259473227	38.7124628986127	38.6291057008896	38.5390080548615	38.4694311564547	38.395605856746	38.2593048803577	38.1294376426734	38.0882275489364	37.9505535602574	37.4935287189754	37.866926619341	37.8019345993338	37.6423673906611	37.5303323593207	37.3572394048228	37.1081644288852	36.8746106289041	36.5905044924804	36.2222002895402	35.8729374940159	35.2866030066971	34.7609502994387	34.126042312319	33.3778613331375	32.7225802480601
UEB_3_R1	31.23413010533	31.5294960106437	35.3934647322231	35.8491554565173	36.2542530184905	39.7614802001199	39.8774748645606	39.9205719901126	39.9491980493387	39.9151616096703	39.8972338221693	39.8514862196483	39.7571526923738	39.7050966411631	39.678785798367	39.6615104583686	39.6250788416894	39.5856930091882	39.5179916231976	39.4645277603907	39.418191010709	39.3890539232828	39.0815397058676	39.3347309660519	39.2319182337748	39.0355466967436	38.8420760113761	38.7839540057489	38.659811370977	38.5262354862659	38.4573734512456	38.3005818877507	38.0101503254635	37.605559765823	36.9701942759445	36.0924364871223	35.0217722768058	34.3975593392524
UEB_3_R2	31.1062743358871	31.1657203379759	34.5404562207255	35.3607449225352	35.6010273242907	38.850491273611	39.0480213182532	39.0619294055571	38.9598207718059	38.9872723056079	38.9123999502334	38.8170569152733	38.7873553926602	38.716693709218	38.6367501741509	38.5467134038474	38.4778608338985	38.401741230515	38.2661689866442	38.1353366877946	38.1042539071793	37.9756200746028	37.5332157408849	37.9202031949541	37.8573158042495	37.6936875040285	37.5826023421555	37.4002056190403	37.1468095963832	36.9057882338027	36.6019615825171	36.2111867721986	35.8212904575591	35.1392617801058	34.4558966859616	33.6124715378664	32.6275504245256	31.8265161620377
UEB_40_R1	31.3312955067848	31.399738956042	35.3453910357122	36.0721857018074	36.3198350945612	39.8045271629555	39.9070948510847	39.8945039597892	39.9235704997651	39.9055449053632	39.8874620422477	39.8392126618992	39.7409600913098	39.6869972675087	39.655915962609	39.6384245946004	39.5974386923525	39.5528883462392	39.4856909806	39.4204322142739	39.3690093557425	39.3278246136752	39.0152894571099	39.2635214967765	39.148717867772	38.9444188014788	38.7418161874377	38.6829374581628	38.5574831378542	38.4218917216696	38.3612767455008	38.2057891199671	37.9483048482991	37.5716500303573	36.9756647539302	36.1122578390442	35.0739922006948	34.4202634316365
UEB_40_R2	31.217946138508	31.0896542156865	34.4399317666398	35.2381644843715	35.530983685753	38.9240113532557	39.0733550862554	39.0671966986899	38.9261011277446	38.9217783625194	38.8566486286522	38.7686171895512	38.742269401722	38.6710245430675	38.583907091294	38.4997147902456	38.4272350971845	38.3552174221387	38.2257503346418	38.0980263858484	38.0671802028104	37.9372353572947	37.5047005475432	37.876271344323	37.8254606118637	37.6774804344864	37.5910183270999	37.42603356578	37.2002007962041	36.9800517241418	36.7066915690716	36.331242862253	35.9789827822591	35.3413955202794	34.7339284447876	33.9114972945201	32.9732830779621	32.1931832000806
UEB_41_R1	31.4793697787579	31.5124653729227	35.0413455457085	35.9209473525962	36.2898463980529	39.791825704098	39.8940249288713	39.9015874938	39.9318100106135	39.8706309897955	39.8624108806159	39.8250434794997	39.7262263393354	39.6779479925574	39.6490775297871	39.6350371473699	39.5936232566492	39.5547129753174	39.4922695155377	39.4372345726037	39.3892736945934	39.3517750020713	39.0383668203898	39.2901618048482	39.182492842144	38.9825939537721	38.7910365310276	38.743065868021	38.6277105470638	38.4963888115129	38.4382616972882	38.2955312559399	38.0961438117022	37.8130299409639	37.3481391074059	36.6437939692181	35.7814730280889	35.2637000257559
UEB_41_R2	30.9834691673268	31.0683558844381	34.3736498298498	35.2215759917431	35.478163337456	38.6697175735159	38.8805765574734	38.8962216792778	38.7965354364952	38.8087238302899	38.7322737669499	38.63689813369	38.5967201517312	38.5251056011043	38.4445802180367	38.3494298646334	38.2706144190355	38.1917803032149	38.0516175798518	37.9150951000413	37.8756526423801	37.7308882714635	37.2747052972821	37.6571020140222	37.5929065525359	37.4288065791166	37.3157203650516	37.1394877085826	36.8890175226414	36.6523487552622	36.3587939935869	35.972571755702	35.6130476739264	35.0017021019747	34.4564565416824	33.7546389692537	32.9513021355661	32.2520645029953
UEB_42_R1	31.2321321114615	31.5160840800906	35.3762925736799	35.833212756989	36.2342343620938	39.7723982830023	39.8708082719039	39.9210015015569	39.9447938339658	39.9000054285966	39.8864907777724	39.837715937508	39.7390679064209	39.6845539751519	39.6515838019194	39.6325612544387	39.5916004709041	39.5480360189156	39.4796591550975	39.4201756097769	39.3635862515292	39.3250674139443	38.9969327364952	39.2465101575074	39.1230193073537	38.9145203249494	38.7094025421444	38.6644242423382	38.553473663146	38.441553103738	38.3833258350104	38.2625125957633	38.0668614338307	37.8573247734182	37.4976256453998	36.9617083474075	36.2522566640458	35.8649262278563
UEB_42_R2	31.0631021129659	31.0764679918592	34.3742685587041	35.1792735473359	35.4830963082705	38.7776698760435	38.9377338199437	38.9408403609414	38.8279031992529	38.8123362905584	38.7390352993605	38.6441513790764	38.6119014351364	38.5366045654142	38.4527601397669	38.3583375082671	38.2832029642266	38.2067742143792	38.0708334634304	37.9353915047076	37.8881139636277	37.7466293737457	37.2921031660427	37.6704847559331	37.5995288120102	37.432814198654	37.3189331353019	37.134858260408	36.8766411037721	36.6362963417646	36.3470266192829	35.9762215051902	35.6282693988947	35.0597710480527	34.5705857349255	34.0037175597004	33.3383479609765	32.7350603603169
UEB_43_R1	31.4934776777433	31.6013994159803	35.3698119586703	35.9916062848417	36.2600028892394	39.75703565396	39.906592450743	39.8821449753855	39.9632039087475	39.8879029039229	39.8109642904255	39.7115839847969	39.6692534402126	39.6357839757765	39.6158150249265	39.6086911508227	39.5748122418293	39.5366267723296	39.4688748888135	39.4084298984731	39.3578384691372	39.3169969679942	38.9540746583525	39.2525465830505	39.1291075607529	38.9097649508812	38.6953405589186	38.6408168476567	38.519727841789	38.3987248348776	38.3393035915755	38.2236833529284	38.0354609371106	37.8197030526577	37.4458925494587	36.889424603908	36.1653111205535	35.7733234018556
UEB_43_R2	30.8044201971397	30.8668645614782	33.9091895446159	34.6523878783522	35.2431783260927	38.512182281163	38.7657121890295	38.7666228759258	38.596860224228	38.5915637601212	38.5705469852381	38.4668433669405	38.4146316236745	38.3536411028891	38.2944803319777	38.2052828317801	38.120960346546	38.0505296430195	37.9077516393551	37.7670850524929	37.7154329467563	37.5661098324682	37.1462910067677	37.5057874991565	37.4237155347144	37.2504354036271	37.1274942664537	36.944166771509	36.6837845170002	36.4398637377737	36.1412006553012	35.7628709679935	35.4068822224626	34.8235568639273	34.3232292472412	33.7491474200483	33.0802767701424	32.476171066031
UEB_44_R1	31.2904461124153	31.4825721798687	35.4144661686308	36.091219500865	36.3127201643021	39.7679936064025	39.8790432699731	39.9088923805486	39.9616210766263	39.9494202121952	39.9291133757828	39.8845188183229	39.7895937854127	39.7348487376374	39.7045466709064	39.6858767708014	39.6446790900835	39.6008268756166	39.5338106613173	39.4715554264448	39.4188500880657	39.3767833962748	39.0624070271996	39.3017436162166	39.1793401482854	38.9736143715929	38.7721974360182	38.7230482254692	38.6112603081384	38.4973739927401	38.4497764661699	38.3357685206267	38.1441047000662	37.9200019104896	37.5384370231954	36.973115190748	36.2438019332585	35.8279919772521
UEB_44_R2	31.1995380475319	31.0466108764437	34.3468173336369	35.1692667645465	35.4703494625767	38.8518241904627	39.0206126783233	39.0243742819307	38.8742114323176	38.8665099345461	38.8054688092939	38.7213549231748	38.6941366942248	38.6201310648232	38.5274659710391	38.4451587407518	38.3703613049953	38.3008132666494	38.1647393621058	38.0356004695094	37.9968954543432	37.8668613795829	37.4114320232085	37.7915246230709	37.728563586591	37.5700327269492	37.4602471924962	37.283970468541	37.0356457454966	36.8052871164954	36.5264637163996	36.1655670228552	35.8240665426157	35.2567403971725	34.7499329365796	34.1550970816616	33.4614855103755	32.8436985574495
UEB_45_R1	31.3403050628759	31.5242139929582	35.4357804501695	35.9512266717317	36.2585270520792	39.8128019979625	39.9156898448942	39.9194300595402	39.9714551000002	39.9146509923098	39.905436536279	39.8638261421021	39.7693756681197	39.7170942580555	39.6856024889765	39.6680246260492	39.6232741594446	39.5787632034585	39.5092236233006	39.4459733866626	39.3904331377963	39.3468788429147	39.0228655566526	39.2714456501776	39.1507066489391	38.9415663473296	38.7334438010263	38.6813469607518	38.567482375767	38.4549297777722	38.3990184428513	38.2848965464195	38.0937513440881	37.885595644919	37.5254482465242	36.9996873395924	36.3101897656224	35.9322224821011
UEB_45_R2	31.1079987567675	30.963907015002	34.179346486691	35.0420360129284	35.2896455374704	38.6246332699682	38.8391987115591	38.8203222985987	38.7282937419257	38.6887990091814	38.6427756106673	38.5506629474342	38.5192208134696	38.4417853257756	38.3565687725748	38.2623091159393	38.1820873433598	38.107230809561	37.9682778561775	37.8306542824806	37.7852708033448	37.6357850965938	37.1703239468236	37.5565796351615	37.4815477302374	37.313976852644	37.1926139119597	37.0024570794397	36.7342331280639	36.4832673467818	36.1778744178234	35.78181800772	35.4184616881904	34.8162976788285	34.3058803325961	33.7188671201116	33.0460549188524	32.4330244612267
UEB_46_R1	31.256071431056	31.5727507108223	35.2483851836908	35.9122667404736	36.2756150687368	39.7569284675755	39.9221449590501	39.921745571833	39.9643289450016	39.9166352043123	39.9030204605512	39.8602457293519	39.7649622749891	39.7125506221745	39.6833480003061	39.6628747283173	39.6205474350272	39.5792993443838	39.5103840179522	39.4490397315124	39.3964860384664	39.353835732224	39.0369932440826	39.2839469196376	39.1691177157486	38.9589683610788	38.7570046430783	38.7051072618658	38.5916569438965	38.4717572739406	38.4126493819995	38.2883726020618	38.0832168174441	37.8395673102246	37.4238217145401	36.8188416851432	36.0477681273348	35.6159829174075
UEB_46_R2	31.1835767504216	31.1198021275475	34.4336097945895	35.184601864983	35.537281647617	38.9160016010272	39.0936415815883	39.0846704626879	38.9569022061578	38.9462736365181	38.8881531440656	38.7947892328685	38.7707720111426	38.69478004013	38.6092656095183	38.5174739298907	38.4438193492734	38.370623709911	38.2335599798853	38.1005736268782	38.057849952645	37.9214696902991	37.4638350961859	37.8422892055387	37.7744249072527	37.6147109653965	37.5013825878602	37.3253079567375	37.071430484512	36.8374230418722	36.5516691776922	36.1821822368467	35.832022283198	35.2497283670019	34.7314082828064	34.1080333353541	33.3773033027273	32.7272433760108
UEB_47_R1	31.3157974189653	31.3846144318085	35.3121875314501	36.038487919302	36.2988982217646	39.7725377594389	39.8856846244958	39.8736948123834	39.9057883613449	39.8807949339258	39.8646912590092	39.8158704373205	39.7117839176918	39.6553809232579	39.6202569886896	39.6002546352566	39.5535360795213	39.5071805717913	39.4321889558964	39.3659128765299	39.3072024958776	39.2626497487865	38.9275149760399	39.1846138434503	39.0604685499292	38.8471514016087	38.6333112957042	38.5795519187446	38.4581268531349	38.3344028241196	38.2829923900506	38.1561590425244	37.9539058471972	37.700418663343	37.2932726498572	36.68752358465	35.9267473543233	35.4909258126698
UEB_47_R2	31.1522808946142	31.01492417146	34.2685158663188	35.1525450365014	35.2909428440928	38.6545536605947	38.861673569554	38.8382566016118	38.7464426776494	38.7121717077098	38.6620858228887	38.5737230535793	38.5483132852841	38.4692883806988	38.3779047633793	38.2831918744629	38.2105678740913	38.1324833827503	37.9938460514194	37.8573524498154	37.8159444156287	37.6695951940421	37.2113054276048	37.5977866272363	37.5316195489769	37.3724877180216	37.2677196008454	37.0931185309623	36.8463142297539	36.6110041262493	36.325871474689	35.9484573711224	35.6004567827642	35.0173456991786	34.4986321290053	33.868225186378	33.1538897137947	32.5230816037407
UEB_48_R1	31.2640824973568	31.5436715371709	35.2746346136894	35.9258942540328	36.2748597868968	39.7140466469259	39.8562790453739	39.8774488971314	39.8616250931348	39.853562242602	39.8384407721828	39.7918683786889	39.6915471529193	39.6341007525143	39.6028390044808	39.5857890960521	39.5440145292735	39.503637415243	39.4356835145635	39.3775979620409	39.3254358806673	39.28562735053	38.9612927379732	39.2122997755901	39.0943772932826	38.8816344595523	38.6773245040157	38.6181398255443	38.5002409070159	38.3617882175195	38.3133488438975	38.1581661913694	37.9588128779869	37.6746543363509	37.2593137498713	36.6105215105047	35.8588789156623	35.389470487167
UEB_48_R2	30.959634532435	31.0176858842376	34.2608128691228	35.1113027839731	35.4009679862547	38.5614722855979	38.7568618118552	38.7552220732284	38.6546623534527	38.6627505652106	38.5740679011099	38.4830856387015	38.4439104251379	38.3678641268672	38.2841731428073	38.1929926442598	38.1089816409353	38.0349350137074	37.8956969141545	37.7576248892601	37.710355603772	37.5681312568974	37.1035722393568	37.4910992933821	37.4203381759321	37.2533152291941	37.1406014746937	36.9589622137444	36.7040749086873	36.4581028867968	36.1555556595174	35.7679649069588	35.4065871473251	34.7970636133393	34.2614113201675	33.6073347371469	32.8817941121577	32.2497735956652
UEB_49_R1	31.48248286298	31.5463724675494	35.2525282169637	35.7903258241313	36.2385252727952	39.7793347860639	39.8950790716072	39.8402369789493	39.8621265206195	39.8478201178393	39.8543132854089	39.8218217737829	39.7332407081487	39.683669783808	39.6548899021312	39.6360109662412	39.5956882265921	39.5527244747006	39.4867806050182	39.4279923710475	39.3776258619918	39.3376802456457	39.0190721998648	39.2665326428932	39.1498051635441	38.9362539750508	38.7277463987159	38.6678293047577	38.5517826492436	38.4281046522458	38.3846983678856	38.2578456827531	38.0483871182349	37.7747342204546	37.3380664409551	36.71354644081	35.948596681581	35.504283196588
UEB_49_R2	31.0914444629917	30.9211297913801	34.1657774588464	35.0107947803304	35.2973930682614	38.6246897373836	38.8261106554948	38.8058251957437	38.6830290884811	38.6644373723115	38.6010949911639	38.5074838609007	38.4767550401043	38.3975089782623	38.3038193751444	38.2023517664406	38.1216931024931	38.0431286507266	37.8998427821303	37.7595190445605	37.7097231647029	37.5599231722024	37.0922982597473	37.4770634580795	37.4071250328104	37.2413369899567	37.1264061609809	36.9444535265308	36.6933184370989	36.4514534261339	36.1503629407332	35.7593656671735	35.4006255450764	34.785408494301	34.2397005814551	33.5808811397827	32.8358974452021	32.1938255320127
UEB_50_R1	31.4882277845489	31.5229665755124	35.102813573074	35.9707427303689	36.3128532737983	39.8132101509784	39.9066455560336	39.9144998330835	39.9515866708608	39.8904952207548	39.8821665327538	39.8438076245368	39.7425510628772	39.6956321843109	39.6614342204297	39.6467507528768	39.6027357137412	39.5590028818292	39.4909057740853	39.4272063955755	39.3729510053983	39.3301949637647	39.0055776932924	39.2529110505753	39.1311348484039	38.9165497608406	38.7055999313057	38.649333236367	38.5322946948582	38.4107685958596	38.3685766532403	38.2388863469288	38.054678841205	37.7917394104385	37.394509366164	36.7823173972587	36.0553415655456	35.6237894170539
UEB_50_R2	31.1338123823151	30.9267696437975	34.0630427525368	34.8072907037569	35.3767834439831	38.7907905885363	38.9642497211486	38.9260432721248	38.7429571300521	38.7600083414455	38.7288444556988	38.6423532339311	38.608703352087	38.5361835608685	38.4508065529415	38.3521479660279	38.2797712761623	38.206728357147	38.0634885642462	37.9293453630062	37.8797105027736	37.7363332863105	37.2747240006694	37.6525594831809	37.5833599027065	37.4149776612234	37.302640610748	37.1234138241935	36.870727256637	36.6315218318936	36.3375688015919	35.9512294957719	35.6018891972147	34.9984579541203	34.4852180998853	33.8345884346559	33.1263445455095	32.4859705122892
UEB_51_R1	31.2387838817952	31.5270021050504	35.4064145185238	35.8646843226243	36.2537404206893	39.7911187569764	39.889837360121	39.9392621703048	39.9645029560572	39.9245158943862	39.9100480527603	39.8610556901869	39.7648116786272	39.7111662378601	39.6806790141574	39.6608396781878	39.6174809654366	39.5744952735461	39.5026852176565	39.4430548012063	39.389126932088	39.3462819702449	39.0267124147745	39.2740679395408	39.1519778305545	38.9453043639023	38.7392569356675	38.6893450924065	38.5774622538775	38.4711497653944	38.420213385603	38.3099035404606	38.1068303847398	37.872959164685	37.4735958841832	36.8970095999618	36.1502414741223	35.7447029555125
UEB_51_R2	31.214382907366	31.0647737955871	34.3716016083953	35.191708909383	35.4923577320888	38.8588337833205	39.0182706997379	39.0118445016187	38.8764988688039	38.8714774597425	38.8041143341617	38.7161620486373	38.6887013530478	38.6145571330406	38.5218772135632	38.4338726724397	38.3567155706859	38.2849706603117	38.1458593867486	38.011967893821	37.9689025325659	37.8283367862776	37.3643838907516	37.7464280862196	37.6796526621459	37.5178794635495	37.4004689085236	37.2163315540609	36.9621769616047	36.7250995110607	36.4403487962906	36.0645439254152	35.7112382519458	35.1247585031842	34.5941024094763	33.9833208115564	33.2639269644036	32.6314474922002
UEB_52_R1	31.2882144057831	31.4813604269679	35.3953799771538	36.0887006257664	36.3056077951942	39.7376222119868	39.852776016299	39.8765581571535	39.9340883313113	39.928612649619	39.9019515042683	39.8553173041008	39.7613197603919	39.7050529371463	39.6733672802004	39.656102956475	39.6154421339441	39.5737047169932	39.5076887072501	39.4496906622065	39.4002698561337	39.3621076519779	39.0498194168906	39.2954201585673	39.1811930458787	38.9738986265234	38.7747280057299	38.7198038388178	38.6024107293082	38.4804467663137	38.4317310631871	38.2958019752959	38.0789306643586	37.7882848165572	37.333844163914	36.6750505766437	35.8737817832026	35.399130812582
UEB_52_R2	31.2031506333393	31.128120085202	34.4909918371396	35.2650399621573	35.5407746491357	38.8604097073568	39.0153955147964	39.0412305775581	38.9057235811094	38.9056810360833	38.8339352873982	38.7373779823892	38.7083890207709	38.6333160831083	38.5425512460748	38.4542614534911	38.3775517141323	38.3055974699394	38.1719079049467	38.0409707667777	38.003219644606	37.8726999950551	37.4138662574714	37.7977536350651	37.7412265967369	37.5805284975479	37.4728596944036	37.2939999384217	37.0450978831051	36.8144711556852	36.5266770064349	36.1607139291731	35.80326181643	35.2027163817321	34.6428907043783	33.9729979657382	33.1992829856905	32.5380543176826
UEB_53_R1	31.34065951943	31.5233134748485	35.4310043666769	35.9603601361937	36.2515953616298	39.8027020905016	39.9014460976311	39.8998129319577	39.9643836329562	39.9009279033506	39.8863330015667	39.8430478673561	39.7466809908874	39.6949724960089	39.659911848407	39.643368551002	39.5967493480352	39.551635303771	39.4759235651816	39.4099351195847	39.3540349929102	39.3086916764172	38.9815841319696	39.2390914572777	39.1221078357247	38.9106997838352	38.7010704122004	38.6409342804589	38.5222488262154	38.3986013123581	38.3499338119367	38.2090100670309	37.9836730842646	37.6834154590031	37.2198536921536	36.5498966276314	35.7435528921953	35.2647593803607
UEB_53_R2	31.2237960651568	31.1002412951541	34.3954578751401	35.3103428454918	35.4051044135291	38.8081103927654	39.0003187004829	38.9661893957798	38.881297471963	38.8550282786641	38.8131175073625	38.726479873375	38.7012469446896	38.6233979761822	38.5328343612728	38.4380681761842	38.3604448854228	38.2830225758312	38.1490395293954	38.0122051904332	37.9743323557993	37.8311611604974	37.3641525015122	37.7497150132872	37.6837089671192	37.517911369969	37.3995467543059	37.2131459223691	36.9518148729784	36.7007036819899	36.3962532164424	35.9976213199933	35.6200955760593	34.9757540357366	34.3982080263562	33.6860004189432	32.8934699092207	32.218822974199
UEB_54_R1	31.25662938399	31.5311922111878	35.2635623317871	35.9106664210727	36.2480243268092	39.6573021067233	39.8166062042825	39.8359893321327	39.8263311207079	39.8211707321776	39.7994088703749	39.7489229384595	39.6465826916107	39.5906134068531	39.5586815100801	39.5389566059868	39.4971142968323	39.4504411330612	39.3753147775343	39.3116054705275	39.2569155092041	39.212816777283	38.8861324563999	39.1412232082729	39.0259967436749	38.8156832537152	38.6106237186614	38.5523641317234	38.4347008381623	38.3132600011816	38.2611907504043	38.115480100553	37.8743868156838	37.5637384890432	37.1000244286044	36.4495406043428	35.6598195198114	35.2129544250135
UEB_54_R2	31.1016953047864	31.0904066886169	34.3746795217106	35.2268258139608	35.4967691797337	38.7219895893113	38.8906605263686	38.8987747692764	38.7812642133502	38.772528907649	38.6832491860028	38.5817326730398	38.5498571896387	38.4711926663513	38.3795562290082	38.2837364800455	38.1969912793582	38.1202940042519	37.9818443114256	37.8456828131259	37.8058972377515	37.6651434084641	37.1911578317669	37.5782629816059	37.5119700946348	37.3521401374527	37.2448468369105	37.0671038628249	36.8205914412888	36.5771444900941	36.2809488836778	35.8955055740156	35.536897450647	34.9163568396897	34.3461346245927	33.6633146600438	32.8938099889561	32.238370039208
UEB_55_R1	31.2914129714702	31.5870602542879	35.3034009591162	36.0808741042965	36.2414041175701	39.6677204898547	39.8769974953354	39.9079497166028	40.012814512483	39.9003459293531	39.8056030229676	39.6971236887422	39.667114419891	39.6363572739252	39.6211145492014	39.6174570682349	39.5812167767654	39.5461769728154	39.477760933119	39.4182315794248	39.3720867170752	39.3357829043012	38.9877713406735	39.2828779807125	39.1685858319264	38.9564305128073	38.7461974791234	38.6876100887175	38.5646898022854	38.4402554024472	38.3903889588248	38.2465232881696	38.0035504621639	37.6637161145323	37.1417483581685	36.3958830571093	35.5052253691497	34.9741195918231
UEB_55_R2	31.0272655489683	31.0752016976328	34.2566540556893	35.0297852917179	35.5389463038707	38.8620025591872	39.0866285361922	39.0703774077421	38.9402161509612	38.9297195026569	38.9003321298141	38.7971661729874	38.7578856886718	38.6942595123938	38.6379973925626	38.5489984477931	38.4704581784705	38.4011308866976	38.2692316117524	38.1420748185916	38.0993006625226	37.9666096269637	37.5502612744888	37.9036086035783	37.8376039850753	37.6749337163751	37.5637772715802	37.379598250064	37.1260088741651	36.8867127809304	36.5874814056037	36.205656242868	35.8285759744236	35.1848133901849	34.5726288556081	33.8151581422346	32.9693282326506	32.2540071738303
UEB_56_R1	31.3144651902694	31.3924023470603	35.2992278181385	36.0296086526361	36.3012446324406	39.7628879183915	39.8666024829808	39.8619593003473	39.8928535981708	39.8686665016792	39.8485379112849	39.8000571849656	39.6975061329674	39.6423420108223	39.6115852600299	39.5960110252022	39.5532034023391	39.5111557074163	39.4422854542628	39.3824100967875	39.3331530670012	39.2948075718513	38.9792121375552	39.2303932732441	39.1191304040855	38.916010884735	38.7140335121642	38.6604957053056	38.5460513263715	38.4188398031758	38.3726010454092	38.2300342684695	38.0037643750232	37.6937830479291	37.2214891268166	36.5373873420136	35.7207731688289	35.2394118635331
UEB_56_R2	30.9556006981223	31.015700544477	34.2887543195996	35.1409849675992	35.3917055554621	38.5694779774118	38.7655885865167	38.7736597250575	38.6688358386719	38.6822868367565	38.5995167925851	38.5003054978336	38.4583233419825	38.3813541155894	38.2970947856516	38.1970359927053	38.117578018942	38.0402402138208	37.8993471044243	37.7687016739448	37.7365539644762	37.587664718669	37.137326053925	37.525754175251	37.4629006158935	37.2998371134123	37.1951889589767	37.0154784213623	36.7677589167608	36.5226267453752	36.224975524502	35.8350244422294	35.4667460553186	34.8399769116163	34.2627820319441	33.5521389191746	32.7607265336947	32.0856308819515
UEB_59_R1	31.2543707794256	31.5350912625785	35.4274820615947	35.8668110376675	36.2579437620876	39.7796651013773	39.8911343575763	39.9413074539786	39.9707260395129	39.9375491262433	39.9246140942825	39.8774621189438	39.7807531825676	39.7271215696009	39.6936648059575	39.6685270492389	39.6234262091071	39.5762237148059	39.4998978370117	39.4347976574009	39.3787864270935	39.3322123712665	39.0052914984062	39.255557866169	39.125847598952	38.9050967173199	38.6814188207089	38.6177910946537	38.4975630407335	38.3776784576909	38.3220958038413	38.1867937189542	37.9543008803437	37.6599022066117	37.2147525169658	36.5868366528139	35.8331487141073	35.4125791490966
UEB_59_R2	31.0291861329803	30.7659999397547	33.8239595616028	34.4650395713727	35.1735623961812	38.519811272479	38.7232734908639	38.6889273103987	38.4694563513623	38.511032840592	38.477679074661	38.3909406289683	38.3483700920483	38.2701479385396	38.1734050688085	38.0725172851429	37.994858788249	37.9158525020496	37.767597384192	37.6227783905138	37.5674832810179	37.4125230048185	36.9491628623202	37.3312553417815	37.2531441703041	37.0700777128266	36.9363677374001	36.7372060908739	36.4662992428325	36.2038228555481	35.8812488273032	35.4715702360564	35.083983819415	34.4333793157511	33.8436684896318	33.1704566413382	32.4142491419579	31.7707335520311
UEB_5_R1	31.2589639784475	31.4637511001984	35.3776936592844	36.0721007538186	36.3030043942981	39.7358242475617	39.8566122332323	39.879565376958	39.9335100146477	39.9304272829727	39.9081036638638	39.8642795851886	39.7703057820909	39.7143646130712	39.6823527520388	39.6634936781217	39.6211077658583	39.5775651755933	39.5065280822607	39.4463572794975	39.3957083329274	39.3564242170322	39.0394758346081	39.2846790668368	39.1652782243528	38.955538407075	38.7475597192586	38.6950734818885	38.5861025855881	38.4758265859909	38.4334129698375	38.3185750522087	38.1259893016866	37.8991593022387	37.5305407617433	36.9968709219582	36.3147053092085	35.9469244784816
UEB_5_R2	31.1355801740181	30.9725656790051	34.2525876992131	35.0824125768515	35.3669594574844	38.7418520358949	38.932703906151	38.9254430836086	38.8031625630483	38.7815177379595	38.7194249737739	38.6235343408066	38.594380397468	38.5158015777901	38.4225793847983	38.3294195499173	38.2474132101761	38.168912890266	38.0271991464734	37.8940740957262	37.8498240656839	37.704458572454	37.241112864933	37.6273771918714	37.5617995186733	37.3954788096096	37.2798943484714	37.0957829677914	36.8396319247545	36.6021490163982	36.3070706627823	35.932843919597	35.5742295038308	34.9804432947168	34.4640016044222	33.8661751743266	33.180311660642	32.5772602379352
UEB_60_R1	31.5056761725174	31.5599698266989	35.2932413774993	35.8228551814407	36.2495133804929	39.7563765404147	39.8752816047119	39.8299461572885	39.8612284491214	39.8550379206056	39.8509968177671	39.8185367293198	39.7288645982492	39.6777848132824	39.6499638229873	39.6301186252766	39.5894355932725	39.5438405216617	39.4688799381153	39.4052469094796	39.3566049346727	39.3149977593542	39.0023757254355	39.2582131822501	39.1479213574734	38.9410911624771	38.7299987542415	38.653909798023	38.5113961263321	38.3690609560391	38.2932051457795	38.1180327207755	37.7585087099147	37.2405128460829	36.4585445508697	35.4329150012919	34.2148131463935	33.5158577859668
UEB_60_R2	31.3383161065938	31.1853239964494	34.5876989716162	35.4026149048042	35.6702693104672	39.0217616962572	39.1853874566661	39.1918485195247	39.0627804421864	39.0700436984552	39.0022851305053	38.9108111981961	38.8917555331135	38.8179320753726	38.7270889001047	38.636861695335	38.5645375868143	38.4937373050259	38.3604076084111	38.2244072682893	38.1937053404586	38.062425971547	37.6103391073273	37.9925105064954	37.9369519620227	37.7873673529071	37.6953958987506	37.5350134555979	37.3072313229626	37.0805758748952	36.7939977576348	36.40643405319	36.0101359095889	35.2916154204575	34.5181010889992	33.5510669835092	32.4204208100118	31.5534726571652
UEB_61_R1	31.4869576702316	31.5228509250048	35.0885216671564	35.9360139493248	36.3012233122249	39.7858534492242	39.891458562622	39.9020299321853	39.9310786962448	39.8778538118	39.8699930612142	39.8317974185685	39.7357866568625	39.6887118130646	39.6564910825252	39.6401742840121	39.5986810115864	39.5561845282062	39.4858748323047	39.4270617726558	39.378493034148	39.3375050183566	39.0229867321716	39.2701287255097	39.154146738096	38.9406491725446	38.7316792322029	38.6603608009877	38.5410050809819	38.412935604861	38.3620193946286	38.2181593310953	37.968083490214	37.6286004654749	37.1136486758285	36.4091382110569	35.5677907944172	35.0873436134041
UEB_61_R2	31.1646535298037	31.0072321483424	34.2988113261431	35.1453598635928	35.4271536230669	38.7510193474811	38.9435954975201	38.9309961483468	38.8255780376872	38.8078604965923	38.7390322179684	38.6447767420662	38.6179455955378	38.5406152326589	38.4471120538504	38.342488911198	38.2643568177341	38.1841240390115	38.0413836424673	37.8990664943955	37.8504641969923	37.7042453590222	37.229577419848	37.6186267744425	37.5491463991734	37.3832489677941	37.2696538846009	37.0843338535438	36.8303362572751	36.5796561340311	36.276098494247	35.8758421830236	35.4930551024681	34.821623485385	34.2192674413787	33.4500518702417	32.633263246993	31.9299947788455
UEB_62_R1	31.2918951213385	31.4829105162387	35.4039979708922	36.0860122799947	36.3061329801262	39.7497446206056	39.8636349920034	39.8929397440332	39.9452160533782	39.9445291850304	39.9211544487796	39.8788776912596	39.7856569361508	39.7322067654425	39.7015388472189	39.6823048550565	39.641405976726	39.5970753635708	39.5240812635892	39.4628223132579	39.40780992238	39.3684167334614	39.0537158974097	39.2980875783927	39.1830387728505	38.9759144689278	38.7659161669932	38.6986926324853	38.567305188063	38.4296481504925	38.36881784115	38.2070110638514	37.9492136314477	37.5849404632558	37.0475541519485	36.2833582984063	35.3868873282718	34.8506236328208
UEB_63_R2	31.0649845626072	31.1390623213265	34.5040423098914	35.3092109777015	35.5828187535735	38.8437278444826	39.0112292738708	39.0211114922813	38.915859348199	38.9437509433962	38.8674641509434	38.7836798170383	38.7554753573471	38.6887087478559	38.6144528301887	38.5294044596913	38.4588452830189	38.392562378502	38.2560505431675	38.1288480274443	38.0844370497427	37.9553740423099	37.5025591766724	37.8789943967982	37.8083759862779	37.6396745568897	37.513526815323	37.3156942252716	37.0509488850772	36.7873639794168	36.4710721555174	36.0609744997141	35.6542083476272	34.9793715265866	34.3369735849057	33.5323732418525	32.6151679817038	31.8638845054317
UEB_64_R1	31.2365636185513	31.4517645174283	35.3516518240866	36.0829623644285	36.2759030432625	39.7102500465645	39.8824668724751	39.8762467339684	39.9717893295695	39.8846449012572	39.7855881005175	39.6838816817943	39.654916218351	39.6250751966815	39.6092542028484	39.6048808335178	39.5672307034813	39.5302743789821	39.461693754019	39.4000450940227	39.3482965117625	39.309521784355	38.941046469161	39.24448865318	39.1104763092649	38.8818383093538	38.6493135884643	38.5872329268962	38.4618292863777	38.3293274045053	38.2768966969358	38.1386044672283	37.9291391859757	37.670327319615	37.2768537303832	36.6975671962468	36.0178650754303	35.6294449785136
UEB_64_R2	30.6136629048685	30.7176173503111	33.6228258350789	34.3124296188053	34.9896830215582	38.2227169169538	38.5032363617175	38.5111509675713	38.2984865553277	38.3115091751319	38.3048854013212	38.2053135442463	38.1446215366299	38.0855943369249	38.0231447470156	37.9324052697017	37.8453338010986	37.7720222666859	37.6234945698412	37.4798831643489	37.4244970671156	37.2677964645202	36.857379286409	37.2187756743402	37.1341402006955	36.9488332182344	36.8205706333624	36.6265811534934	36.3498526101242	36.0863861729462	35.765060976004	35.3603049540644	34.9755055609356	34.3441029345113	33.8003514079993	33.176171834507	32.5031559350054	31.9134979007919
UEB_65_R1	31.263529401072	31.5495400478906	35.2890400708021	35.8943994189202	36.2808256529479	39.7171414765048	39.8739192327807	39.8985562377656	39.8820571528981	39.8782603278572	39.8673200532757	39.8243176079991	39.725732626777	39.6713551952756	39.6455289155764	39.6276246581744	39.5867432073229	39.5445128211343	39.4759293433578	39.4176414763154	39.3650997632736	39.3244985516555	39.006633489876	39.2552953286013	39.1333164306156	38.9196006515183	38.7061860917268	38.6445213040516	38.5229159952602	38.3895061010732	38.3327668208866	38.1847064740186	37.9633085801301	37.6716258533569	37.2284431460868	36.6020497227714	35.850371714621	35.4223023470793
UEB_65_R2	30.6891497428048	30.8128176123542	33.9368242305445	34.7827339306468	35.1055895987315	38.1586731581182	38.4136556412726	38.4371677129563	38.2800741194902	38.3223542670778	38.2371232155104	38.1436306356015	38.0912252930299	38.0194083846821	37.9319036083074	37.8289730633291	37.7410035442689	37.6623107391083	37.5052697094336	37.364123091675	37.316237023314	37.155352966995	36.6969045683161	37.0909559982746	37.0125793332654	36.8316357526184	36.7013291292399	36.5057412308789	36.2343577087186	35.9713673894693	35.6438144952607	35.238133288596	34.8499532114091	34.205190977357	33.6269751090755	32.9663211897595	32.2269984370982	31.5947089317924
UEB_67_R1	31.2185003722995	31.5577088095347	35.2169893710214	35.8403124926264	36.2561268129999	39.7088152095316	39.8864264058151	39.8887348716933	39.9194290452139	39.8793497885823	39.8677260998814	39.8233850968501	39.7252366483668	39.6720931295289	39.6387285546985	39.6183325463224	39.573758038488	39.5263065651049	39.4520738111729	39.3880111203004	39.3302654242945	39.2847232066081	38.9592856091091	39.2102550363474	39.0837472831695	38.8671094536591	38.6495046311189	38.5830006830717	38.4633597571885	38.3389605959898	38.2827200173471	38.1508213437368	37.938462882503	37.6826974374505	37.2908097730332	36.7438783839604	36.0676155002029	35.7008257790736
UEB_67_R2	30.8775063013144	30.8798034175092	34.0299580868137	34.8313084602034	35.1942725315857	38.3450287341131	38.5415809093546	38.553040057513	38.404706713726	38.4099187870414	38.3244298949467	38.2253036114991	38.181659090753	38.0980399096685	38.0022943086415	37.8963790029661	37.80516867571	37.7236312057754	37.574131472941	37.4253789674237	37.3683637131505	37.2128861319114	36.7366622253563	37.1268724961628	37.0493652689532	36.8668814146245	36.7395430139562	36.538720102171	36.260123335218	35.996336381918	35.6664383289562	35.2548627270721	34.8710134460895	34.2385237227798	33.6904996279992	33.0604203385133	32.3725782986287	31.7661155798001
UEB_68_R1	31.2502873016445	31.5310767755493	35.3966665465211	35.8871153909021	36.2476971861622	39.7751803231693	39.8655746829204	39.9100177116958	39.9498379291817	39.9081357958151	39.8891854044897	39.8411628864113	39.7454073396664	39.6920384208845	39.6623236437309	39.6456879271281	39.6052618740869	39.5609965490274	39.4897719608683	39.4260223286396	39.3737371678219	39.3332873091885	39.0198238553827	39.2716716638852	39.1620838610659	38.9593361257405	38.7505480064074	38.6846084608763	38.5526943655349	38.4076593319179	38.3420625198555	38.1624208275461	37.8738911497682	37.436164516759	36.8092458572821	35.89287932828	34.8516033820705	34.1838334882653
UEB_68_R2	31.2307818041454	31.2430324636189	34.694251536257	35.4708687448502	35.6385544976224	39.0146387627127	39.1811600532105	39.1860814402719	39.1103778131881	39.0919520166438	39.027220755794	38.9274630531342	38.8992990929566	38.8277015616971	38.7377367084745	38.6486322429981	38.5718448244212	38.5028878027355	38.3697496976103	38.239855624113	38.2031032098153	38.0753467779047	37.6295342234725	38.0070500093462	37.9438654414051	37.786651668026	37.676966966388	37.4965977953004	37.2524192433007	37.0167587680438	36.7319763587	36.3475745873628	35.9669382571792	35.2863029831592	34.6231763533353	33.7533492540216	32.7862860007192	31.9997870908309
UEB_69_R1	31.4920990554255	31.5551939669968	35.2705185570994	35.8062318643928	36.2336464080741	39.7523885096274	39.8750566851035	39.8251375349014	39.8588909154608	39.8405588160122	39.8430609859195	39.8109081960778	39.7179457221803	39.6659302786925	39.6348348694849	39.6153278131362	39.5700845756248	39.5256296599023	39.4498048292002	39.3838844774512	39.327984633865	39.2804512053662	38.9520711697388	39.2078464430762	39.0897049216045	38.87362433674	38.6590340826134	38.5908641501005	38.4618795055995	38.3269283490623	38.2642287425624	38.1129263307986	37.8580955029979	37.5237245892002	37.0065419846861	36.2862669438905	35.4097929942208	34.9076106137075
UEB_69_R2	31.1646399694199	31.0067947994419	34.2715554070095	35.1289266621265	35.3637871869588	38.6659172576367	38.8887350785631	38.8728972525895	38.7791462957514	38.7515073644706	38.6938147406731	38.601107434346	38.5744667088025	38.4966872693718	38.4096300376418	38.3054147286834	38.2236606764438	38.1483925281057	38.0060228506636	37.8643645289681	37.8143217754274	37.6653228657797	37.2018488932264	37.5817109602803	37.5124070678549	37.3478384886293	37.237780045361	37.0563384662292	36.8084143415971	36.5626282807662	36.2605253158009	35.8659041721203	35.4909024397397	34.8492194618372	34.2530770785263	33.5225158549081	32.6935649233385	32.0047789530749
UEB_6_R1	31.3312896694729	31.5272642565434	35.4317815046722	35.9425288352339	36.2590168087445	39.8171554604972	39.9180571158853	39.9229522753176	39.9696208041855	39.9135395109479	39.9007727965029	39.8596460152633	39.7646785460151	39.7135804419941	39.6813785148198	39.6610722302986	39.6196117310519	39.5789769379296	39.5095084400531	39.4526864630887	39.4015570618543	39.3580182033564	39.0410765221966	39.2837676543809	39.1674672602603	38.9543563784129	38.7503348394055	38.6971368146981	38.5886007800856	38.4775391011277	38.4248567668245	38.3115232873696	38.1308461053829	37.9352855692321	37.6113343826905	37.1264441574117	36.5021771952396	36.1601655286171
UEB_6_R2	31.0473701675369	31.0103275707042	34.263936689917	35.0527067502075	35.3696822772138	38.6401949500366	38.8120869940199	38.8193778684865	38.675456307255	38.6725785437723	38.6023379630102	38.5071731785939	38.4739485869359	38.3955077284748	38.3069248907656	38.2122144256706	38.1288280467888	38.0523341400606	37.9092247262258	37.7735925938763	37.7258029723178	37.5760690496046	37.1066052921855	37.494306353844	37.4188199217468	37.2456734405934	37.1197690326816	36.930792227281	36.6661851959083	36.4100000203891	36.0978900376994	35.7024907790458	35.3402992400996	34.7479717468739	34.2547939277289	33.6948297920927	33.0718629895669	32.4893757684129
UEB_70_R1	31.4898439664872	31.516884571875	35.0846161161122	35.9268414180205	36.2878361414639	39.7619692213935	39.8611528735777	39.8723987455695	39.9055952767644	39.8545920970606	39.8428818635539	39.8036618232052	39.7006736718541	39.6522040641176	39.6200560955799	39.6016099274657	39.5589716287521	39.5216896773976	39.4534804106859	39.3954980723748	39.3459628940248	39.305956397599	38.9878364823047	39.2405031014809	39.1285322951777	38.9198423202261	38.7147295717915	38.6499951089344	38.5201901482692	38.38785055903	38.3243811609106	38.1724524961647	37.9220554677512	37.5763864466698	37.0427324389443	36.2937788372625	35.3842376464806	34.8476047923581
UEB_70_R2	31.2095303520442	31.1340794452202	34.490947268178	35.2685755683265	35.5528214631546	38.8356811584225	38.9950538886357	39.0197302517689	38.8993854981099	38.8970958318237	38.8223921502999	38.7294178677613	38.7053217861013	38.6294388294709	38.5359641244601	38.4397108851942	38.362173146448	38.2859148218374	38.1464644071875	38.007850449961	37.9651325990032	37.8253017037609	37.3511604777361	37.7405521825571	37.6756193162665	37.5124908612059	37.4025297545503	37.2281878414586	36.9813824912123	36.7404366034396	36.445314342138	36.0536964696732	35.6827271081941	35.0333218924436	34.4342069196819	33.6728528477761	32.8238609355876	32.1036381006851
UEB_71_R1	31.284056532743	31.4603995011422	35.3619910137259	36.0576516037156	36.2943398310131	39.7276516159185	39.8430103469063	39.8710341842064	39.9189000661401	39.9166145701134	39.8952876059219	39.8474699562645	39.7533216205069	39.697073603491	39.66587180526	39.6469893114103	39.6074120897358	39.5668815102896	39.4978999587539	39.4374673265224	39.3886327720776	39.3486388491614	39.0331070799246	39.2869553505184	39.172447960394	38.9678926491692	38.764631585948	38.7026325487631	38.5769861874475	38.4377600149853	38.380304177568	38.2186774227795	37.9674451964192	37.621437004559	37.0985489132026	36.3552571655895	35.4666784832185	34.9426260140676
UEB_71_R2	31.1106140600289	31.1266403855165	34.4845754339379	35.2695595456587	35.5562038727376	38.7916652429857	38.9611124602183	38.9768523207626	38.8832667559111	38.9017762351856	38.8266128372903	38.7337430076928	38.7026647341215	38.628991747125	38.5416289696292	38.4507444732706	38.3732447844466	38.3014370228635	38.1675424541656	38.0375962510006	38.00136029663	37.8697884735537	37.4152570496612	37.8003444290958	37.7384844753695	37.5742567775348	37.457815764297	37.2722521635883	37.0207200490072	36.7803198278892	36.483027760558	36.1008310229026	35.7189632775738	35.0808283260441	34.46755770789	33.7220603022434	32.8727922979675	32.171658244577
UEB_72_R1	31.3083150356504	31.5347896835136	35.4197658807939	36.0917579163924	36.2734328058957	39.7647094818344	39.9071905499981	39.9077434405546	40.0143760224298	39.919857776065	39.8185325529504	39.7228587913613	39.6906097354306	39.6603217484535	39.6400427730716	39.6365601267395	39.6002150371042	39.5607095313081	39.4894938425829	39.426457158468	39.3785923727576	39.3374315803361	38.9894248180593	39.2901116999497	39.1754796076039	38.9611516701613	38.7494005325369	38.6825440864037	38.5436624051998	38.3947916320839	38.3225622528077	38.1510615910966	37.8513373203079	37.4115672602862	36.7353891401272	35.8006862092213	34.7117134030609	34.0723331872991
UEB_72_R2	31.0333261943619	31.0837433902129	34.282291206241	35.0461145008568	35.5539911298822	38.8659168793711	39.0840977349063	39.0837889581159	38.9415600323489	38.9449935521417	38.9227604514868	38.8254111798029	38.7804675570635	38.7170073952367	38.6625178609906	38.5739437088845	38.4949134719769	38.4250837418713	38.294656816188	38.1650894747475	38.1250832861923	37.9912310429386	37.5768616604033	37.9344774782809	37.8622336474698	37.6908942527374	37.5740972076206	37.3724007796885	37.107915557034	36.8421035706358	36.5177833081299	36.0963841434981	35.6744320015137	34.953473174718	34.2279519158808	33.3361778988293	32.3093059856478	31.4977544788366
UEB_73_R1	31.3418175958707	31.4121693488333	35.3519412856496	36.0569019069034	36.3062324980587	39.7725702514577	39.8842744954236	39.8757411075384	39.9109999555717	39.8959765842842	39.8774331303998	39.8294620127887	39.7299772155642	39.6742793493837	39.6413314041273	39.620548298561	39.5750892047794	39.5304484873482	39.4561680106787	39.3890443732854	39.3343435251023	39.2893616047776	38.9656393335221	39.2181166104239	39.0914590858242	38.8756503278744	38.655235314284	38.5917786381989	38.471872627312	38.3375218080073	38.3029318714868	38.1432136398932	37.9120862612372	37.5699712939981	37.0829274551788	36.3527651989626	35.5339348508369	35.0190912484823
UEB_73_R2	31.1621086743318	30.9333389476588	34.0927099752196	34.8041566343755	35.3846201411494	38.7763000755281	38.9561689721872	38.9094343544996	38.7364840087875	38.7626509651224	38.7217279037059	38.632910512736	38.5987278911068	38.5226690878998	38.4384248634161	38.3464533598754	38.2726688226561	38.2015649711183	38.0631091404976	37.9293328390959	37.889913643275	37.7473147388642	37.295142757487	37.6745666414906	37.6121446148562	37.4544358033934	37.3463453725249	37.1711614094256	36.9288375959105	36.6923960261185	36.4006468631283	36.0111105290485	35.6475803472969	35.0098445539164	34.4348028609188	33.6944366786977	32.8967049767017	32.2275506002134
UEB_74_R1	31.2811322752146	31.5502874992428	35.3232364518031	35.9412806344933	36.2807191009862	39.7084757121907	39.8590154783346	39.8832109000196	39.8766663813995	39.874152853903	39.8570092354304	39.8091340679517	39.7118037514108	39.6587466233357	39.6277298257333	39.6101651974484	39.5676275352421	39.5225348336161	39.4511739205094	39.38966036356	39.336712155658	39.2925733946917	38.9733077222736	39.220422393543	39.101435217782	38.8913161169069	38.6837810637833	38.6289911880246	38.5123765826073	38.3911110857952	38.3433032154235	38.2055743232917	37.9792530965839	37.6823926372186	37.2111378101377	36.5369511409666	35.7095074807598	35.2210522411159
UEB_74_R2	31.2361075375538	31.0851705739926	34.3771890315163	35.2351118348992	35.5202581797105	38.8421368804262	39.0127401870426	39.0133899570043	38.8810365254909	38.8750015698954	38.8025425636141	38.7172657924526	38.6919171228625	38.6183383783009	38.5257096065926	38.4407239190367	38.362609232763	38.2924107924332	38.156976837236	38.0237775516635	37.9855435978	37.8491855438479	37.386875285846	37.7706230067191	37.7073192133518	37.5503574082111	37.4467564016998	37.2768235654352	37.0362322400378	36.8050589530437	36.5201477035348	36.1465628738921	35.7987171871032	35.1901669257226	34.6338518618959	33.9514448316544	33.1707957785653	32.5077509762526
UEB_75_R1	31.2625072787626	31.5771960204081	35.2742488168943	35.9002792769869	36.2836599044229	39.7414293690067	39.9075500148575	39.9158209641764	39.955443299043	39.9220572101003	39.9053315679915	39.8656094145467	39.7740176260973	39.7219519066424	39.6926631475138	39.6714823806809	39.6292868892832	39.5877480564126	39.5221666583822	39.4614080590024	39.4144592337093	39.3718577365553	39.0602378786106	39.3020282056824	39.1903104301688	38.9796679248129	38.7747988163256	38.7134745575595	38.5955338120241	38.4713736491731	38.410526387959	38.2795451850469	38.0355734340474	37.7179632148438	37.2004030763319	36.4936706513591	35.6125581307655	35.1248311880234
UEB_75_R2	31.304645802205	31.1446602748081	34.5356778181647	35.3446235635108	35.6155304992814	38.9810900980313	39.1745452341303	39.1759253358281	39.0630031929168	39.0643873771103	39.0038017384264	38.9108439967758	38.8930400148466	38.8168539135006	38.729969959376	38.6363870037645	38.5614772588628	38.4866688284157	38.3573246127901	38.2226186779165	38.1828486564304	38.0487481151569	37.5872079204156	37.9613858545887	37.8987016884548	37.7413359079026	37.6360020649326	37.4553411587401	37.2123395770067	36.9799492118836	36.692529671719	36.3199496139003	35.9591530099134	35.3364811660605	34.7422825482814	34.0146622054234	33.1687819344267	32.4609873126318
UEB_76_R1	31.4813660962515	31.5099114981993	35.0509856224952	35.9344416217601	36.2868972972818	39.7791942883354	39.8770188912474	39.8808155172822	39.9172924148595	39.8519261003863	39.8452459910744	39.8058225843617	39.7031276761763	39.6542863398271	39.6191416280053	39.6022069961574	39.5551440514142	39.5110192315009	39.4345410992485	39.3719481809718	39.3143033237885	39.268853525177	38.9361223017503	39.196373414573	39.0780602966522	38.8629699536064	38.6523315045306	38.5909751277566	38.4716941393848	38.3450360532317	38.2958732419339	38.1623802813767	37.9596834063251	37.6920109771233	37.2839761133432	36.6717191487346	35.9307700137609	35.4958156716166
UEB_76_R2	31.0843950702006	30.929914958161	34.1296818055545	35.0152503913992	35.2389921892441	38.5454652607641	38.7616329009338	38.7367719992908	38.656313676396	38.6033401982228	38.5499756725929	38.4548443555606	38.4186487629201	38.339630013804	38.25155598498	38.142381415555	38.0588950949659	37.9747574976006	37.8296207178487	37.6852594863608	37.633477986532	37.4766338161727	37.0002109858809	37.3858727609848	37.3167589777751	37.1430436895539	37.0227516171014	36.8346224729538	36.5703714721132	36.3171500539453	36.0056478347603	35.5926702218611	35.2215825520304	34.584692382844	34.0504809274994	33.3710167477939	32.6494040323628	31.993056388044
UEB_77_R1	31.2278782126041	31.5271948152671	35.3754105737759	35.8754981146163	36.2389814297662	39.7528541207861	39.840513032733	39.8844563641467	39.9277844498528	39.8850087830232	39.8626912224753	39.813198177993	39.7141119596704	39.6590725590575	39.628028898606	39.6098548703093	39.5693150399505	39.5277743211606	39.4578785598736	39.3991664954435	39.3531083509621	39.3166902327574	39.0035716373465	39.2582811319826	39.1536368950639	38.9494514879049	38.7444984705675	38.6797058627765	38.5549127051422	38.4166101292711	38.3552499905948	38.1901734321508	37.902415114324	37.492240437791	36.850215885841	35.9624506515643	34.906397571429	34.2545650016061
UEB_77_R2	31.2196197110139	31.1486769033983	34.5308700836051	35.2893651625076	35.5543314629015	38.8896612097131	39.0367568795525	39.0482193758989	38.9264983953257	38.9205321614919	38.8495020445489	38.7465226173698	38.7164712793696	38.6427028560018	38.5494561760425	38.4532859792854	38.3739785503237	38.2960953312516	38.15971101394	38.0282885114584	37.9903409317818	37.8541007602307	37.4002836033836	37.7843174853062	37.7222949880337	37.5613979042289	37.4446130984248	37.2640873324787	37.0118170584541	36.7714796861842	36.4716519607701	36.0782957462386	35.6918858467442	35.0094256742092	34.3343256171991	33.4653759047093	32.4867640275153	31.6976404487879
UEB_78_R1	31.4788941580958	31.5426517948315	35.2589801536311	35.7653251874819	36.2315922365375	39.7827719319495	39.9085195660529	39.8442345755777	39.8562455891462	39.8456446697099	39.8577089283177	39.8283664146122	39.7408104638494	39.6896888103271	39.6605429075269	39.6394328683786	39.5994204205519	39.5544263836365	39.4821819793124	39.4204973014719	39.3668711524013	39.316355341083	38.9926746698118	39.2419450388875	39.1208655196998	38.9001447449605	38.68453219616	38.6224533371388	38.4887909598558	38.3477228451799	38.2692677188158	38.1194680772605	37.8864802570632	37.5918433156789	37.1036212023186	36.4196529358823	35.5272759705977	35.0164136228153
UEB_78_R2	30.7309104841761	30.8188865191115	34.0378444513333	34.7464336916381	35.0362093249572	38.2244200457979	38.4721806661746	38.4805793515977	38.3398244712522	38.3311595006719	38.2561298051699	38.1533262859606	38.1071628368813	38.0220137058008	37.925252659104	37.8228253328864	37.7344812596049	37.6509563420658	37.5034419799959	37.3517227588365	37.2927454833156	37.1388850680643	36.6990918962609	37.0675080542116	36.9868782757241	36.8137741558892	36.6929837668587	36.5120701347495	36.2511190152546	36.0001058305117	35.6968836062241	35.3052336635765	34.9378401341679	34.3269043346139	33.77215452334	33.101648737439	32.3083666064862	31.6254703161904
UEB_79_R1	31.3009983557217	31.4914055546041	35.4215148941203	36.1059927839145	36.322153367161	39.7524403056315	39.8821887256728	39.9112101227948	39.9601233707936	39.9502030964042	39.9223294301243	39.8781986819662	39.7844582291099	39.7318064943234	39.6999554562623	39.6825379332166	39.642903529784	39.6019220622829	39.5364232223401	39.4730435123198	39.4227861954349	39.3856422861382	39.0718404474034	39.3214720015729	39.209029898832	39.0062556687666	38.8098424764475	38.751412190085	38.6217461375587	38.4815438782696	38.4092774621743	38.2533839800751	37.9849204855882	37.6207363387044	37.0335406665126	36.2107681413972	35.1928558372648	34.6014349227512
UEB_79_R2	31.2791248845127	31.2076033856313	34.6185852217702	35.3599696564987	35.6892755575455	39.0671437326577	39.253638762575	39.2553035847725	39.1164382904113	39.1241122932268	39.0537680546137	38.9643412403588	38.9480928368294	38.8745188700329	38.7878904777009	38.7048005093346	38.6349688309035	38.567487602633	38.4373021547649	38.3106161934919	38.2791515339558	38.1553196742778	37.7134490216122	38.092576094912	38.0396195811199	37.8884996133143	37.7801536144555	37.6066152442494	37.3673097348803	37.139502884207	36.859692256532	36.4904463666518	36.1224669781144	35.4978035329328	34.867939375973	34.0848705658821	33.1586232452263	32.4057431469843
UEB_7_R1	31.2677969877443	31.5554462784161	35.3119443322541	35.9501882194905	36.2731849147713	39.7013028091229	39.8586399477552	39.8797371918887	39.8769005110674	39.8658707224787	39.8473931916685	39.7992367831686	39.701671326596	39.644560006724	39.6121036549763	39.5943126176604	39.546709784959	39.5028958875845	39.4284616803564	39.362346469648	39.3073563659543	39.2608303004743	38.92363822585	39.179766311798	39.0535278230878	38.8399297551919	38.6300892713031	38.5735608330897	38.459307102357	38.3470832115355	38.2978212134262	38.1818944453494	37.9871737026764	37.7723259332317	37.4106512297676	36.8896662255912	36.2125604991219	35.8456590880522
UEB_7_R2	31.1140059325772	30.9884652803656	34.187735460314	35.1241367229949	35.2500039049687	38.5718127459665	38.7953893105015	38.7684212248808	38.6667804686111	38.6366185277004	38.5776370253511	38.4951241445329	38.4687863952379	38.3894816879283	38.2977153701799	38.2033647813478	38.1195855377811	38.0462080150784	37.9033453308847	37.7647561328463	37.7182169764237	37.5727479673708	37.1021867452718	37.4944989404518	37.4223906441413	37.2597468390208	37.1462335275404	36.9671243661864	36.7156798624856	36.4736895482955	36.1813712911165	35.8025802173543	35.4547388096614	34.8748200181339	34.3839531076485	33.8125413089901	33.1568480506024	32.5557912173163
UEB_8_R1	31.2339623755696	31.5598829017059	35.2168355331158	35.8554717058673	36.2670683391916	39.7390229825552	39.8995832652541	39.9039668702959	39.9330752606313	39.8875104662486	39.8753397528319	39.831910322529	39.7346873771207	39.6803987837705	39.6479000570768	39.6293704530297	39.5883741599321	39.5449658765883	39.476642644918	39.4176606236238	39.3676465090261	39.32471107967	39.0038756790219	39.2526938333272	39.136527082771	38.927548083896	38.7238012417255	38.6748350188058	38.5606372895503	38.4446254304952	38.386956715167	38.2691474044801	38.0674078077366	37.8475528080469	37.4818920782892	36.95794244875	36.2683971263277	35.9061218651379
UEB_8_R2	31.0088001275202	31.0619807399082	34.3607427849468	35.1708119694183	35.4724252629555	38.6542352471531	38.8525025530963	38.8573908921643	38.7633551526062	38.7707903037601	38.6869955577421	38.5929817631417	38.5601598470716	38.4845573532466	38.3994989367668	38.3074248769237	38.2289739674947	38.15216896979	38.0126511882895	37.8755242899759	37.8261124248161	37.6880242176573	37.2252800725221	37.6089347897603	37.5381593487215	37.3652338404813	37.2488039499328	37.0664100303618	36.8068189766428	36.5643946653005	36.2657702350963	35.8845339319918	35.5328979054735	34.9438732969965	34.4359610824131	33.8589850137884	33.1872110372763	32.5823708973153
UEB_9_R1	31.3107477883242	31.3670903820541	35.3074231988046	36.028304536779	36.2997278594781	39.782312147742	39.8939356881107	39.8836003827911	39.9060639914726	39.8883683958128	39.872518346522	39.822123700043	39.7220441833168	39.6650640673046	39.6336153889698	39.6145103339702	39.5717778636969	39.526276940363	39.4591331021349	39.3963444735074	39.3415170232014	39.3000467808275	38.9755428658704	39.2286652190955	39.1060079719657	38.8925359480754	38.6828526905918	38.6346070250277	38.5216938611378	38.3985643733025	38.3465784844507	38.2252948099983	38.0189616685589	37.7819880997265	37.3957366965687	36.8257444613316	36.1098451746858	35.7122485129998
UEB_9_R2	31.0578562952789	30.9953924089029	34.231409427298	34.968749499349	35.3544950714582	38.7159845708713	38.8948518126503	38.8762641771007	38.7412133750445	38.730854679311	38.6661625089049	38.5722919187722	38.5394757022731	38.4612306027784	38.378260906715	38.2815339091576	38.2044835898624	38.1323859503717	37.9957559749691	37.8584232725005	37.8152664638073	37.6720292305408	37.2163445055491	37.6017102771497	37.5321066004757	37.3705288796846	37.2633984882744	37.0909611003534	36.8450434217932	36.6095628876374	36.3207025988993	35.9526340382855	35.6103158133082	35.0357887215483	34.539872004238	33.9465058032791	33.2734687556407	32.66050817009
