Pfam_domain	alt	alt_type	cadd_phred	cancer	cdna	chr	consequence	default_id	disrupting_driver_mut_prediction	driver	driver_gene	driver_gene_source	driver_mut_prediction	driver_statement	exac_af	exon	gdna	gene	gene_role	info	inframe_driver_mut_prediction	input	is_in_cluster	is_in_delicate_domain	known_match	known_neutral	known_neutral_reference	known_neutral_source	known_oncogenic	known_oncogenic_reference	known_oncogenic_source	known_predisposing	known_predisposing_reference	known_predisposing_source	known_variant_reference	known_variant_source	missense_driver_mut_prediction	mutation_location	pos	protein	protein_change	protein_pos	ref	region	sample	strand	transcript	transcript_aminoacids	transcript_exons
	A	MUT	35.0	SOLID	c.172C>T	9	Nonsense	13	DISRUPTING_not_distal_in_LoF_role_gene	known	tumor_driver	intogen__cgc__predisposing__biomarkers	TIER 1	known in: cancer		2	chr9:g.21971186G>A	CDKN2A	LoF	CSQN=Nonsense;codon_pos=21971184-21971185-21971186;ref_codon_seq=CGA;aliases=ENSP00000307101;source=Ensembl		9:g.21971186G>A							cancer	PMID:25157968,25157968,25157968,25157968,25157968,25157968,25157968	DoCM				PMID:25157968,25157968,25157968,25157968,25157968,25157968,25157968	DoCM		before_last_exon	21971186	p.R58*	R/*	58	G	inside_[cds_in_exon_2]	UEB_53	-	ENST00000304494	157.0	3
	G	MUT	20.1	SOLID	c.3140A>G	3	Missense	12		known	tumor_driver	cgc__known__intogen__biomarkers	TIER 1	known in: glioblastoma_multiforme;brain_glioma;skin_melanoma;gastric_adenocarcinoma;brain_stem_glioma;prostate_adenocarcinoma;uterine_carcinosarcoma;cervix_carcinoma;head_and_neck_squamous_cell_carcinoma;non-small_cell_lung_carcinoma;lung_squamous_cell_carcinoma;ovarian_serous_cystadenocarcinoma;colorectal_cancer;breast_cancer;urinary_bladder_urothelial_carcinoma;head_and_neck_cancer;uterine_corpus_endometrial_carcinoma;cancer;lung_adenocarcinoma;renal_clear_cell_carcinoma;adrenocortical_carcinoma;ovarian_cancer;pancreas_adenocarcinoma;hepatocellular_carcinoma;medulloblastoma;esophageal_carcinoma		21	chr3:g.178952085A>G	PIK3CA	Act	CSQN=Missense;codon_pos=178952084-178952085-178952086;ref_codon_seq=CAT;aliases=ENSP00000263967;source=Ensembl		3:g.178952085A>G	in_cluster						brain_glioma__pancreas_adenocarcinoma__esophageal_carcinoma__prostate_adenocarcinoma__urinary_bladder_urothelial_carcinoma__ovarian_serous_cystadenocarcinoma__lung_adenocarcinoma__cervix_carcinoma__uterine_carcinosarcoma__head_and_neck_cancer__adrenocortical_carcinoma__cancer__ovarian_cancer__brain_stem_glioma__non-small_cell_lung_carcinoma__uterine_corpus_endometrial_carcinoma__glioblastoma_multiforme__lung_squamous_cell_carcinoma__medulloblastoma__gastric_adenocarcinoma__colorectal_cancer__skin_melanoma__renal_clear_cell_carcinoma__hepatocellular_carcinoma__breast_cancer__head_and_neck_squamous_cell_carcinoma	PMID:15016963,15016963,15254419,15254419,15254419,15647370,15647370,15647370,15647370,15805248,16906227,16930767,18676830,18725974,18725974,18725974,19029981,19366826,19513541,19903786,20453058,20453058,20453058,20619739,21430269,22162582,22162582,22162589,22162589,22162589,22271473,15016963,15016963,15254419,15254419,15254419,15647370,15647370,15647370,15647370,15805248,16906227,16930767,18676830,18725974,18725974,18725974,19029981,19366826,19513541,19903786,20453058,20453058,20453058,20619739,21430269,22162582,22162582,22162589,22162589,22162589,22271473,25157968,15016963,15016963,15254419,15254419,15254419,15647370,15647370,15647370,15647370,15805248,16906227,16930767,18676830,18725974,18725974,18725974,19029981,19366826,19513541,19903786,20453058,20453058,20453058,20619739,21430269,22162582,22162582,22162589,22162589,22162589,22271473,25157968,19223544,21558396,15016963,15016963,15254419,15254419,15254419,15647370,15647370,15647370,15647370,15805248,16906227,16930767,18676830,18725974,18725974,18725974,19029981,19366826,19513541,19903786,20453058,20453058,20453058,20619739,21430269,22162582,22162582,22162589,22162589,22162589,22271473,25157968,21558396,19223544,15016963,15016963,15254419,15254419,15254419,15647370,15647370,15647370,15647370,15805248,16906227,16930767,18676830,18725974,18725974,18725974,19029981,19366826,19513541,19903786,20453058,20453058,20453058,20619739,21430269,22162582,22162582,22162589,22162589,22162589,22271473,25157968,19223544,21558396,26619011,26619011,26619011,26619011,26619011,26619011,26619011,26619011,26619011,26619011,26619011,26619011,26619011,26619011,26619011,26619011,26619011,26619011,26619011,26619011,26619011,26619011,15016963,15016963,15254419,15254419,15254419,15647370,15647370,15647370,15647370,15805248,16906227,16930767,18676830,18725974,18725974,18725974,19029981,19366826,19513541,19903786,20453058,20453058,20453058,20619739,21430269,22162582,22162582,22162589,22162589,22162589,22271473,25157968,19223544,21558396,15016963,15016963,15254419,15254419,15254419,15647370,15647370,15647370,15647370,15805248,16906227,16930767,18676830,18725974,18725974,18725974,19029981,19366826,19513541,19903786,20453058,20453058,20453058,20619739,21430269,22162582,22162582,22162589,22162589,22162589,22271473,25157968,21558396,26619011,26619011,26619011,26619011,26619011,26619011,26619011,26619011,26619011,26619011,26619011,26619011,26619011,26619011,26619011,26619011,26619011,26619011,26619011,26619011,26619011,26619011,19223544,15016963,15016963,15254419,15254419,15254419,15647370,15647370,15647370,15647370,15805248,16906227,16930767,18676830,18725974,18725974,18725974,19029981,19366826,19513541,19903786,20453058,20453058,20453058,20619739,21430269,22162582,22162582,22162589,22162589,22162589,22271473,25157968,21558396,26619011,26619011,26619011,26619011,26619011,26619011,26619011,26619011,26619011,26619011,26619011,26619011,26619011,26619011,26619011,26619011,26619011,26619011,26619011,26619011,26619011,26619011,25855885,19223544,23619167	DoCM				PMID:15016963,15016963,15254419,15254419,15254419,15647370,15647370,15647370,15647370,15805248,16906227,16930767,18676830,18725974,18725974,18725974,19029981,19366826,19513541,19903786,20453058,20453058,20453058,20619739,21430269,22162582,22162582,22162589,22162589,22162589,22271473,15016963,15016963,15254419,15254419,15254419,15647370,15647370,15647370,15647370,15805248,16906227,16930767,18676830,18725974,18725974,18725974,19029981,19366826,19513541,19903786,20453058,20453058,20453058,20619739,21430269,22162582,22162582,22162589,22162589,22162589,22271473,25157968,15016963,15016963,15254419,15254419,15254419,15647370,15647370,15647370,15647370,15805248,16906227,16930767,18676830,18725974,18725974,18725974,19029981,19366826,19513541,19903786,20453058,20453058,20453058,20619739,21430269,22162582,22162582,22162589,22162589,22162589,22271473,25157968,19223544,21558396,15016963,15016963,15254419,15254419,15254419,15647370,15647370,15647370,15647370,15805248,16906227,16930767,18676830,18725974,18725974,18725974,19029981,19366826,19513541,19903786,20453058,20453058,20453058,20619739,21430269,22162582,22162582,22162589,22162589,22162589,22271473,25157968,21558396,19223544,15016963,15016963,15254419,15254419,15254419,15647370,15647370,15647370,15647370,15805248,16906227,16930767,18676830,18725974,18725974,18725974,19029981,19366826,19513541,19903786,20453058,20453058,20453058,20619739,21430269,22162582,22162582,22162589,22162589,22162589,22271473,25157968,19223544,21558396,26619011,26619011,26619011,26619011,26619011,26619011,26619011,26619011,26619011,26619011,26619011,26619011,26619011,26619011,26619011,26619011,26619011,26619011,26619011,26619011,26619011,26619011,15016963,15016963,15254419,15254419,15254419,15647370,15647370,15647370,15647370,15805248,16906227,16930767,18676830,18725974,18725974,18725974,19029981,19366826,19513541,19903786,20453058,20453058,20453058,20619739,21430269,22162582,22162582,22162589,22162589,22162589,22271473,25157968,19223544,21558396,15016963,15016963,15254419,15254419,15254419,15647370,15647370,15647370,15647370,15805248,16906227,16930767,18676830,18725974,18725974,18725974,19029981,19366826,19513541,19903786,20453058,20453058,20453058,20619739,21430269,22162582,22162582,22162589,22162589,22162589,22271473,25157968,21558396,26619011,26619011,26619011,26619011,26619011,26619011,26619011,26619011,26619011,26619011,26619011,26619011,26619011,26619011,26619011,26619011,26619011,26619011,26619011,26619011,26619011,26619011,19223544,15016963,15016963,15254419,15254419,15254419,15647370,15647370,15647370,15647370,15805248,16906227,16930767,18676830,18725974,18725974,18725974,19029981,19366826,19513541,19903786,20453058,20453058,20453058,20619739,21430269,22162582,22162582,22162589,22162589,22162589,22271473,25157968,21558396,26619011,26619011,26619011,26619011,26619011,26619011,26619011,26619011,26619011,26619011,26619011,26619011,26619011,26619011,26619011,26619011,26619011,26619011,26619011,26619011,26619011,26619011,25855885,19223544,23619167	DoCM	MISSENSE_in_CLUSTER_in_any_role_gene	last_portion	178952085	p.H1047R	H/R	1047	A	inside_[cds_in_exon_21]	UEB_53	+	ENST00000263967	1069.0	21
P53	C	MUT	24.3	SOLID	c.452C>G	17	Missense	14		predicted	tumor_driver	cgc__predisposing__intogen__biomarkers	TIER 1	predicted driver: tier 1		5	chr17:g.7578478G>C	TP53	LoF	CSQN=Missense;codon_pos=7578477-7578478-7578479;ref_codon_seq=CCC;aliases=ENSP00000269305;source=Ensembl		17:g.7578478G>C	in_cluster														MISSENSE_in_CLUSTER_in_any_role_gene	before_last_exon	7578478	p.P151R	P/R	151	G	inside_[cds_in_exon_5]	UEB_53	-	ENST00000269305	394.0	11
	C	MUT	22.6	SOLID	c.3145G>C	3	Missense	4		known	tumor_driver	cgc__known__intogen__biomarkers	TIER 1	known in: oral_squamous_cell_carcinoma		21	chr3:g.178952090G>C	PIK3CA	Act	CSQN=Missense;codon_pos=178952090-178952091-178952092;ref_codon_seq=GGT;aliases=ENSP00000263967;source=Ensembl		3:g.178952090G>C	in_cluster						oral_squamous_cell_carcinoma	PMID:21824802,21824802,25157968,21824802,25157968,21824802,25157968,21824802,25157968,21824802,25157968,21824802,25157968,21824802,25157968	DoCM				PMID:21824802,21824802,25157968,21824802,25157968,21824802,25157968,21824802,25157968,21824802,25157968,21824802,25157968,21824802,25157968	DoCM	MISSENSE_in_CLUSTER_in_any_role_gene	last_portion	178952090	p.G1049R	G/R	1049	G	inside_[cds_in_exon_21]	UEB_30	+	ENST00000263967	1069.0	21
	G	MUT	26.0	SOLID	c.5003T>C	20	Missense	30		other			passenger	predicted passenger		16	chr20:g.61512305A>G	DIDO1	LoF	CSQN=Missense;codon_pos=61512304-61512305-61512306;ref_codon_seq=CTG;aliases=ENSP00000266070;source=Ensembl		20:g.61512305A>G																before_last_portion	61512305	p.L1668P	L/P	1668	A	inside_[cds_in_exon_16]	UEB_30	-	ENST00000266070	2241.0	16
	A	MUT	24.1	SOLID	c.24C>A	16	Missense	40		other			passenger	predicted passenger		2	chr16:g.30663117C>A	PRR14		CSQN=Missense;C2=NextToSpliceAcceptorOfExon2_At_chr16:30663116;codon_pos=30662988-30662989-30663117;ref_codon_seq=AGC;aliases=ENSP00000441641;source=Ensembl		16:g.30663117C>A																before_last_exon	30663117	p.S8R	S/R	8	C	inside_[cds_in_exon_2]	UEB_30	+	ENST00000542965	586.0	11
	G	MUT	20.1	SOLID	c.3140A>G	3	Missense	3		known	tumor_driver	cgc__known__intogen__biomarkers	TIER 1	known in: glioblastoma_multiforme;brain_glioma;skin_melanoma;gastric_adenocarcinoma;brain_stem_glioma;prostate_adenocarcinoma;uterine_carcinosarcoma;cervix_carcinoma;head_and_neck_squamous_cell_carcinoma;non-small_cell_lung_carcinoma;lung_squamous_cell_carcinoma;ovarian_serous_cystadenocarcinoma;colorectal_cancer;breast_cancer;urinary_bladder_urothelial_carcinoma;head_and_neck_cancer;uterine_corpus_endometrial_carcinoma;cancer;lung_adenocarcinoma;renal_clear_cell_carcinoma;adrenocortical_carcinoma;ovarian_cancer;pancreas_adenocarcinoma;hepatocellular_carcinoma;medulloblastoma;esophageal_carcinoma		21	chr3:g.178952085A>G	PIK3CA	Act	CSQN=Missense;codon_pos=178952084-178952085-178952086;ref_codon_seq=CAT;aliases=ENSP00000263967;source=Ensembl		3:g.178952085A>G	in_cluster						brain_glioma__pancreas_adenocarcinoma__esophageal_carcinoma__prostate_adenocarcinoma__urinary_bladder_urothelial_carcinoma__ovarian_serous_cystadenocarcinoma__lung_adenocarcinoma__cervix_carcinoma__uterine_carcinosarcoma__head_and_neck_cancer__adrenocortical_carcinoma__cancer__ovarian_cancer__brain_stem_glioma__non-small_cell_lung_carcinoma__uterine_corpus_endometrial_carcinoma__glioblastoma_multiforme__lung_squamous_cell_carcinoma__medulloblastoma__gastric_adenocarcinoma__colorectal_cancer__skin_melanoma__renal_clear_cell_carcinoma__hepatocellular_carcinoma__breast_cancer__head_and_neck_squamous_cell_carcinoma	PMID:15016963,15016963,15254419,15254419,15254419,15647370,15647370,15647370,15647370,15805248,16906227,16930767,18676830,18725974,18725974,18725974,19029981,19366826,19513541,19903786,20453058,20453058,20453058,20619739,21430269,22162582,22162582,22162589,22162589,22162589,22271473,15016963,15016963,15254419,15254419,15254419,15647370,15647370,15647370,15647370,15805248,16906227,16930767,18676830,18725974,18725974,18725974,19029981,19366826,19513541,19903786,20453058,20453058,20453058,20619739,21430269,22162582,22162582,22162589,22162589,22162589,22271473,25157968,15016963,15016963,15254419,15254419,15254419,15647370,15647370,15647370,15647370,15805248,16906227,16930767,18676830,18725974,18725974,18725974,19029981,19366826,19513541,19903786,20453058,20453058,20453058,20619739,21430269,22162582,22162582,22162589,22162589,22162589,22271473,25157968,19223544,21558396,15016963,15016963,15254419,15254419,15254419,15647370,15647370,15647370,15647370,15805248,16906227,16930767,18676830,18725974,18725974,18725974,19029981,19366826,19513541,19903786,20453058,20453058,20453058,20619739,21430269,22162582,22162582,22162589,22162589,22162589,22271473,25157968,21558396,19223544,15016963,15016963,15254419,15254419,15254419,15647370,15647370,15647370,15647370,15805248,16906227,16930767,18676830,18725974,18725974,18725974,19029981,19366826,19513541,19903786,20453058,20453058,20453058,20619739,21430269,22162582,22162582,22162589,22162589,22162589,22271473,25157968,19223544,21558396,26619011,26619011,26619011,26619011,26619011,26619011,26619011,26619011,26619011,26619011,26619011,26619011,26619011,26619011,26619011,26619011,26619011,26619011,26619011,26619011,26619011,26619011,15016963,15016963,15254419,15254419,15254419,15647370,15647370,15647370,15647370,15805248,16906227,16930767,18676830,18725974,18725974,18725974,19029981,19366826,19513541,19903786,20453058,20453058,20453058,20619739,21430269,22162582,22162582,22162589,22162589,22162589,22271473,25157968,19223544,21558396,15016963,15016963,15254419,15254419,15254419,15647370,15647370,15647370,15647370,15805248,16906227,16930767,18676830,18725974,18725974,18725974,19029981,19366826,19513541,19903786,20453058,20453058,20453058,20619739,21430269,22162582,22162582,22162589,22162589,22162589,22271473,25157968,21558396,26619011,26619011,26619011,26619011,26619011,26619011,26619011,26619011,26619011,26619011,26619011,26619011,26619011,26619011,26619011,26619011,26619011,26619011,26619011,26619011,26619011,26619011,19223544,15016963,15016963,15254419,15254419,15254419,15647370,15647370,15647370,15647370,15805248,16906227,16930767,18676830,18725974,18725974,18725974,19029981,19366826,19513541,19903786,20453058,20453058,20453058,20619739,21430269,22162582,22162582,22162589,22162589,22162589,22271473,25157968,21558396,26619011,26619011,26619011,26619011,26619011,26619011,26619011,26619011,26619011,26619011,26619011,26619011,26619011,26619011,26619011,26619011,26619011,26619011,26619011,26619011,26619011,26619011,25855885,19223544,23619167	DoCM				PMID:15016963,15016963,15254419,15254419,15254419,15647370,15647370,15647370,15647370,15805248,16906227,16930767,18676830,18725974,18725974,18725974,19029981,19366826,19513541,19903786,20453058,20453058,20453058,20619739,21430269,22162582,22162582,22162589,22162589,22162589,22271473,15016963,15016963,15254419,15254419,15254419,15647370,15647370,15647370,15647370,15805248,16906227,16930767,18676830,18725974,18725974,18725974,19029981,19366826,19513541,19903786,20453058,20453058,20453058,20619739,21430269,22162582,22162582,22162589,22162589,22162589,22271473,25157968,15016963,15016963,15254419,15254419,15254419,15647370,15647370,15647370,15647370,15805248,16906227,16930767,18676830,18725974,18725974,18725974,19029981,19366826,19513541,19903786,20453058,20453058,20453058,20619739,21430269,22162582,22162582,22162589,22162589,22162589,22271473,25157968,19223544,21558396,15016963,15016963,15254419,15254419,15254419,15647370,15647370,15647370,15647370,15805248,16906227,16930767,18676830,18725974,18725974,18725974,19029981,19366826,19513541,19903786,20453058,20453058,20453058,20619739,21430269,22162582,22162582,22162589,22162589,22162589,22271473,25157968,21558396,19223544,15016963,15016963,15254419,15254419,15254419,15647370,15647370,15647370,15647370,15805248,16906227,16930767,18676830,18725974,18725974,18725974,19029981,19366826,19513541,19903786,20453058,20453058,20453058,20619739,21430269,22162582,22162582,22162589,22162589,22162589,22271473,25157968,19223544,21558396,26619011,26619011,26619011,26619011,26619011,26619011,26619011,26619011,26619011,26619011,26619011,26619011,26619011,26619011,26619011,26619011,26619011,26619011,26619011,26619011,26619011,26619011,15016963,15016963,15254419,15254419,15254419,15647370,15647370,15647370,15647370,15805248,16906227,16930767,18676830,18725974,18725974,18725974,19029981,19366826,19513541,19903786,20453058,20453058,20453058,20619739,21430269,22162582,22162582,22162589,22162589,22162589,22271473,25157968,19223544,21558396,15016963,15016963,15254419,15254419,15254419,15647370,15647370,15647370,15647370,15805248,16906227,16930767,18676830,18725974,18725974,18725974,19029981,19366826,19513541,19903786,20453058,20453058,20453058,20619739,21430269,22162582,22162582,22162589,22162589,22162589,22271473,25157968,21558396,26619011,26619011,26619011,26619011,26619011,26619011,26619011,26619011,26619011,26619011,26619011,26619011,26619011,26619011,26619011,26619011,26619011,26619011,26619011,26619011,26619011,26619011,19223544,15016963,15016963,15254419,15254419,15254419,15647370,15647370,15647370,15647370,15805248,16906227,16930767,18676830,18725974,18725974,18725974,19029981,19366826,19513541,19903786,20453058,20453058,20453058,20619739,21430269,22162582,22162582,22162589,22162589,22162589,22271473,25157968,21558396,26619011,26619011,26619011,26619011,26619011,26619011,26619011,26619011,26619011,26619011,26619011,26619011,26619011,26619011,26619011,26619011,26619011,26619011,26619011,26619011,26619011,26619011,25855885,19223544,23619167	DoCM	MISSENSE_in_CLUSTER_in_any_role_gene	last_portion	178952085	p.H1047R	H/R	1047	A	inside_[cds_in_exon_21]	UEB_29	+	ENST00000263967	1069.0	21
Med15	T	MUT	12.37	SOLID	c.561G>T	22	Missense	42		other			passenger	predicted passenger		6	chr22:g.20918846G>T	MED15		CSQN=Missense;codon_pos=20918844-20918845-20918846;ref_codon_seq=CAG;aliases=ENSP00000263205;source=Ensembl		22:g.20918846G>T																before_last_exon	20918846	p.Q187H	Q/H	187	G	inside_[cds_in_exon_6]	UEB_29	+	ENST00000263205	789.0	18
	G	MUT	20.1	SOLID	c.3140A>G	3	Missense	7		known	tumor_driver	cgc__known__intogen__biomarkers	TIER 1	known in: glioblastoma_multiforme;brain_glioma;skin_melanoma;gastric_adenocarcinoma;brain_stem_glioma;prostate_adenocarcinoma;uterine_carcinosarcoma;cervix_carcinoma;head_and_neck_squamous_cell_carcinoma;non-small_cell_lung_carcinoma;lung_squamous_cell_carcinoma;ovarian_serous_cystadenocarcinoma;colorectal_cancer;breast_cancer;urinary_bladder_urothelial_carcinoma;head_and_neck_cancer;uterine_corpus_endometrial_carcinoma;cancer;lung_adenocarcinoma;renal_clear_cell_carcinoma;adrenocortical_carcinoma;ovarian_cancer;pancreas_adenocarcinoma;hepatocellular_carcinoma;medulloblastoma;esophageal_carcinoma		21	chr3:g.178952085A>G	PIK3CA	Act	CSQN=Missense;codon_pos=178952084-178952085-178952086;ref_codon_seq=CAT;aliases=ENSP00000263967;source=Ensembl		3:g.178952085A>G	in_cluster						brain_glioma__pancreas_adenocarcinoma__esophageal_carcinoma__prostate_adenocarcinoma__urinary_bladder_urothelial_carcinoma__ovarian_serous_cystadenocarcinoma__lung_adenocarcinoma__cervix_carcinoma__uterine_carcinosarcoma__head_and_neck_cancer__adrenocortical_carcinoma__cancer__ovarian_cancer__brain_stem_glioma__non-small_cell_lung_carcinoma__uterine_corpus_endometrial_carcinoma__glioblastoma_multiforme__lung_squamous_cell_carcinoma__medulloblastoma__gastric_adenocarcinoma__colorectal_cancer__skin_melanoma__renal_clear_cell_carcinoma__hepatocellular_carcinoma__breast_cancer__head_and_neck_squamous_cell_carcinoma	PMID:15016963,15016963,15254419,15254419,15254419,15647370,15647370,15647370,15647370,15805248,16906227,16930767,18676830,18725974,18725974,18725974,19029981,19366826,19513541,19903786,20453058,20453058,20453058,20619739,21430269,22162582,22162582,22162589,22162589,22162589,22271473,15016963,15016963,15254419,15254419,15254419,15647370,15647370,15647370,15647370,15805248,16906227,16930767,18676830,18725974,18725974,18725974,19029981,19366826,19513541,19903786,20453058,20453058,20453058,20619739,21430269,22162582,22162582,22162589,22162589,22162589,22271473,25157968,15016963,15016963,15254419,15254419,15254419,15647370,15647370,15647370,15647370,15805248,16906227,16930767,18676830,18725974,18725974,18725974,19029981,19366826,19513541,19903786,20453058,20453058,20453058,20619739,21430269,22162582,22162582,22162589,22162589,22162589,22271473,25157968,19223544,21558396,15016963,15016963,15254419,15254419,15254419,15647370,15647370,15647370,15647370,15805248,16906227,16930767,18676830,18725974,18725974,18725974,19029981,19366826,19513541,19903786,20453058,20453058,20453058,20619739,21430269,22162582,22162582,22162589,22162589,22162589,22271473,25157968,21558396,19223544,15016963,15016963,15254419,15254419,15254419,15647370,15647370,15647370,15647370,15805248,16906227,16930767,18676830,18725974,18725974,18725974,19029981,19366826,19513541,19903786,20453058,20453058,20453058,20619739,21430269,22162582,22162582,22162589,22162589,22162589,22271473,25157968,19223544,21558396,26619011,26619011,26619011,26619011,26619011,26619011,26619011,26619011,26619011,26619011,26619011,26619011,26619011,26619011,26619011,26619011,26619011,26619011,26619011,26619011,26619011,26619011,15016963,15016963,15254419,15254419,15254419,15647370,15647370,15647370,15647370,15805248,16906227,16930767,18676830,18725974,18725974,18725974,19029981,19366826,19513541,19903786,20453058,20453058,20453058,20619739,21430269,22162582,22162582,22162589,22162589,22162589,22271473,25157968,19223544,21558396,15016963,15016963,15254419,15254419,15254419,15647370,15647370,15647370,15647370,15805248,16906227,16930767,18676830,18725974,18725974,18725974,19029981,19366826,19513541,19903786,20453058,20453058,20453058,20619739,21430269,22162582,22162582,22162589,22162589,22162589,22271473,25157968,21558396,26619011,26619011,26619011,26619011,26619011,26619011,26619011,26619011,26619011,26619011,26619011,26619011,26619011,26619011,26619011,26619011,26619011,26619011,26619011,26619011,26619011,26619011,19223544,15016963,15016963,15254419,15254419,15254419,15647370,15647370,15647370,15647370,15805248,16906227,16930767,18676830,18725974,18725974,18725974,19029981,19366826,19513541,19903786,20453058,20453058,20453058,20619739,21430269,22162582,22162582,22162589,22162589,22162589,22271473,25157968,21558396,26619011,26619011,26619011,26619011,26619011,26619011,26619011,26619011,26619011,26619011,26619011,26619011,26619011,26619011,26619011,26619011,26619011,26619011,26619011,26619011,26619011,26619011,25855885,19223544,23619167	DoCM				PMID:15016963,15016963,15254419,15254419,15254419,15647370,15647370,15647370,15647370,15805248,16906227,16930767,18676830,18725974,18725974,18725974,19029981,19366826,19513541,19903786,20453058,20453058,20453058,20619739,21430269,22162582,22162582,22162589,22162589,22162589,22271473,15016963,15016963,15254419,15254419,15254419,15647370,15647370,15647370,15647370,15805248,16906227,16930767,18676830,18725974,18725974,18725974,19029981,19366826,19513541,19903786,20453058,20453058,20453058,20619739,21430269,22162582,22162582,22162589,22162589,22162589,22271473,25157968,15016963,15016963,15254419,15254419,15254419,15647370,15647370,15647370,15647370,15805248,16906227,16930767,18676830,18725974,18725974,18725974,19029981,19366826,19513541,19903786,20453058,20453058,20453058,20619739,21430269,22162582,22162582,22162589,22162589,22162589,22271473,25157968,19223544,21558396,15016963,15016963,15254419,15254419,15254419,15647370,15647370,15647370,15647370,15805248,16906227,16930767,18676830,18725974,18725974,18725974,19029981,19366826,19513541,19903786,20453058,20453058,20453058,20619739,21430269,22162582,22162582,22162589,22162589,22162589,22271473,25157968,21558396,19223544,15016963,15016963,15254419,15254419,15254419,15647370,15647370,15647370,15647370,15805248,16906227,16930767,18676830,18725974,18725974,18725974,19029981,19366826,19513541,19903786,20453058,20453058,20453058,20619739,21430269,22162582,22162582,22162589,22162589,22162589,22271473,25157968,19223544,21558396,26619011,26619011,26619011,26619011,26619011,26619011,26619011,26619011,26619011,26619011,26619011,26619011,26619011,26619011,26619011,26619011,26619011,26619011,26619011,26619011,26619011,26619011,15016963,15016963,15254419,15254419,15254419,15647370,15647370,15647370,15647370,15805248,16906227,16930767,18676830,18725974,18725974,18725974,19029981,19366826,19513541,19903786,20453058,20453058,20453058,20619739,21430269,22162582,22162582,22162589,22162589,22162589,22271473,25157968,19223544,21558396,15016963,15016963,15254419,15254419,15254419,15647370,15647370,15647370,15647370,15805248,16906227,16930767,18676830,18725974,18725974,18725974,19029981,19366826,19513541,19903786,20453058,20453058,20453058,20619739,21430269,22162582,22162582,22162589,22162589,22162589,22271473,25157968,21558396,26619011,26619011,26619011,26619011,26619011,26619011,26619011,26619011,26619011,26619011,26619011,26619011,26619011,26619011,26619011,26619011,26619011,26619011,26619011,26619011,26619011,26619011,19223544,15016963,15016963,15254419,15254419,15254419,15647370,15647370,15647370,15647370,15805248,16906227,16930767,18676830,18725974,18725974,18725974,19029981,19366826,19513541,19903786,20453058,20453058,20453058,20619739,21430269,22162582,22162582,22162589,22162589,22162589,22271473,25157968,21558396,26619011,26619011,26619011,26619011,26619011,26619011,26619011,26619011,26619011,26619011,26619011,26619011,26619011,26619011,26619011,26619011,26619011,26619011,26619011,26619011,26619011,26619011,25855885,19223544,23619167	DoCM	MISSENSE_in_CLUSTER_in_any_role_gene	last_portion	178952085	p.H1047R	H/R	1047	A	inside_[cds_in_exon_21]	UEB_43	+	ENST00000263967	1069.0	21
	T	MUT	26.9	SOLID	c.3800C>T	17	Missense	34		predicted	tumor_driver	intogen__cgc__biomarkers	TIER 1	predicted driver: tier 1		14	chr17:g.37686896C>T	CDK12	LoF	CSQN=Missense;codon_pos=37686895-37686896-37686897;ref_codon_seq=CCT;aliases=ENSP00000398880;source=Ensembl		17:g.37686896C>T															MISSENSE_with_stringent_FI_in_any_role_gene	before_last_portion	37686896	p.P1267L	P/L	1267	C	inside_[cds_in_exon_14]	UEB_43	+	ENST00000447079	1491.0	14
Androgen_recep	GCA	MUT	24.0	SOLID	c.237_239dupGCA	X	InFrameInsertion	8		other	tumor_driver	cgc__known	passenger	polymorphism	0.014	1	chrX:g.66765225_66765227dupGCA	AR	Act	CSQN=InFrameInsertion;left_align_gDNA=g.66765158_66765159insGCA;unalign_gDNA=g.66765158_66765159insGCA;left_align_cDNA=c.170_171insGCA;unalign_cDNA=c.170_171insGCA;left_align_protein=p.L57_Q58insQ;unalign_protein=p.L57_Q58insQ;phase=2;aliases=ENSP00000363822;source=Ensembl		X:g.66765158_66765159insGCA																before_last_exon	66765158	p.Q80dupQ	-/Q	80	-	inside_[cds_in_exon_1]	UEB_43	+	ENST00000374690	921.0	8
	G	MUT	20.1	SOLID	c.3140A>G	3	Missense	9		known	tumor_driver	cgc__known__intogen__biomarkers	TIER 1	known in: glioblastoma_multiforme;brain_glioma;skin_melanoma;gastric_adenocarcinoma;brain_stem_glioma;prostate_adenocarcinoma;uterine_carcinosarcoma;cervix_carcinoma;head_and_neck_squamous_cell_carcinoma;non-small_cell_lung_carcinoma;lung_squamous_cell_carcinoma;ovarian_serous_cystadenocarcinoma;colorectal_cancer;breast_cancer;urinary_bladder_urothelial_carcinoma;head_and_neck_cancer;uterine_corpus_endometrial_carcinoma;cancer;lung_adenocarcinoma;renal_clear_cell_carcinoma;adrenocortical_carcinoma;ovarian_cancer;pancreas_adenocarcinoma;hepatocellular_carcinoma;medulloblastoma;esophageal_carcinoma		21	chr3:g.178952085A>G	PIK3CA	Act	CSQN=Missense;codon_pos=178952084-178952085-178952086;ref_codon_seq=CAT;aliases=ENSP00000263967;source=Ensembl		3:g.178952085A>G	in_cluster						brain_glioma__pancreas_adenocarcinoma__esophageal_carcinoma__prostate_adenocarcinoma__urinary_bladder_urothelial_carcinoma__ovarian_serous_cystadenocarcinoma__lung_adenocarcinoma__cervix_carcinoma__uterine_carcinosarcoma__head_and_neck_cancer__adrenocortical_carcinoma__cancer__ovarian_cancer__brain_stem_glioma__non-small_cell_lung_carcinoma__uterine_corpus_endometrial_carcinoma__glioblastoma_multiforme__lung_squamous_cell_carcinoma__medulloblastoma__gastric_adenocarcinoma__colorectal_cancer__skin_melanoma__renal_clear_cell_carcinoma__hepatocellular_carcinoma__breast_cancer__head_and_neck_squamous_cell_carcinoma	PMID:15016963,15016963,15254419,15254419,15254419,15647370,15647370,15647370,15647370,15805248,16906227,16930767,18676830,18725974,18725974,18725974,19029981,19366826,19513541,19903786,20453058,20453058,20453058,20619739,21430269,22162582,22162582,22162589,22162589,22162589,22271473,15016963,15016963,15254419,15254419,15254419,15647370,15647370,15647370,15647370,15805248,16906227,16930767,18676830,18725974,18725974,18725974,19029981,19366826,19513541,19903786,20453058,20453058,20453058,20619739,21430269,22162582,22162582,22162589,22162589,22162589,22271473,25157968,15016963,15016963,15254419,15254419,15254419,15647370,15647370,15647370,15647370,15805248,16906227,16930767,18676830,18725974,18725974,18725974,19029981,19366826,19513541,19903786,20453058,20453058,20453058,20619739,21430269,22162582,22162582,22162589,22162589,22162589,22271473,25157968,19223544,21558396,15016963,15016963,15254419,15254419,15254419,15647370,15647370,15647370,15647370,15805248,16906227,16930767,18676830,18725974,18725974,18725974,19029981,19366826,19513541,19903786,20453058,20453058,20453058,20619739,21430269,22162582,22162582,22162589,22162589,22162589,22271473,25157968,21558396,19223544,15016963,15016963,15254419,15254419,15254419,15647370,15647370,15647370,15647370,15805248,16906227,16930767,18676830,18725974,18725974,18725974,19029981,19366826,19513541,19903786,20453058,20453058,20453058,20619739,21430269,22162582,22162582,22162589,22162589,22162589,22271473,25157968,19223544,21558396,26619011,26619011,26619011,26619011,26619011,26619011,26619011,26619011,26619011,26619011,26619011,26619011,26619011,26619011,26619011,26619011,26619011,26619011,26619011,26619011,26619011,26619011,15016963,15016963,15254419,15254419,15254419,15647370,15647370,15647370,15647370,15805248,16906227,16930767,18676830,18725974,18725974,18725974,19029981,19366826,19513541,19903786,20453058,20453058,20453058,20619739,21430269,22162582,22162582,22162589,22162589,22162589,22271473,25157968,19223544,21558396,15016963,15016963,15254419,15254419,15254419,15647370,15647370,15647370,15647370,15805248,16906227,16930767,18676830,18725974,18725974,18725974,19029981,19366826,19513541,19903786,20453058,20453058,20453058,20619739,21430269,22162582,22162582,22162589,22162589,22162589,22271473,25157968,21558396,26619011,26619011,26619011,26619011,26619011,26619011,26619011,26619011,26619011,26619011,26619011,26619011,26619011,26619011,26619011,26619011,26619011,26619011,26619011,26619011,26619011,26619011,19223544,15016963,15016963,15254419,15254419,15254419,15647370,15647370,15647370,15647370,15805248,16906227,16930767,18676830,18725974,18725974,18725974,19029981,19366826,19513541,19903786,20453058,20453058,20453058,20619739,21430269,22162582,22162582,22162589,22162589,22162589,22271473,25157968,21558396,26619011,26619011,26619011,26619011,26619011,26619011,26619011,26619011,26619011,26619011,26619011,26619011,26619011,26619011,26619011,26619011,26619011,26619011,26619011,26619011,26619011,26619011,25855885,19223544,23619167	DoCM				PMID:15016963,15016963,15254419,15254419,15254419,15647370,15647370,15647370,15647370,15805248,16906227,16930767,18676830,18725974,18725974,18725974,19029981,19366826,19513541,19903786,20453058,20453058,20453058,20619739,21430269,22162582,22162582,22162589,22162589,22162589,22271473,15016963,15016963,15254419,15254419,15254419,15647370,15647370,15647370,15647370,15805248,16906227,16930767,18676830,18725974,18725974,18725974,19029981,19366826,19513541,19903786,20453058,20453058,20453058,20619739,21430269,22162582,22162582,22162589,22162589,22162589,22271473,25157968,15016963,15016963,15254419,15254419,15254419,15647370,15647370,15647370,15647370,15805248,16906227,16930767,18676830,18725974,18725974,18725974,19029981,19366826,19513541,19903786,20453058,20453058,20453058,20619739,21430269,22162582,22162582,22162589,22162589,22162589,22271473,25157968,19223544,21558396,15016963,15016963,15254419,15254419,15254419,15647370,15647370,15647370,15647370,15805248,16906227,16930767,18676830,18725974,18725974,18725974,19029981,19366826,19513541,19903786,20453058,20453058,20453058,20619739,21430269,22162582,22162582,22162589,22162589,22162589,22271473,25157968,21558396,19223544,15016963,15016963,15254419,15254419,15254419,15647370,15647370,15647370,15647370,15805248,16906227,16930767,18676830,18725974,18725974,18725974,19029981,19366826,19513541,19903786,20453058,20453058,20453058,20619739,21430269,22162582,22162582,22162589,22162589,22162589,22271473,25157968,19223544,21558396,26619011,26619011,26619011,26619011,26619011,26619011,26619011,26619011,26619011,26619011,26619011,26619011,26619011,26619011,26619011,26619011,26619011,26619011,26619011,26619011,26619011,26619011,15016963,15016963,15254419,15254419,15254419,15647370,15647370,15647370,15647370,15805248,16906227,16930767,18676830,18725974,18725974,18725974,19029981,19366826,19513541,19903786,20453058,20453058,20453058,20619739,21430269,22162582,22162582,22162589,22162589,22162589,22271473,25157968,19223544,21558396,15016963,15016963,15254419,15254419,15254419,15647370,15647370,15647370,15647370,15805248,16906227,16930767,18676830,18725974,18725974,18725974,19029981,19366826,19513541,19903786,20453058,20453058,20453058,20619739,21430269,22162582,22162582,22162589,22162589,22162589,22271473,25157968,21558396,26619011,26619011,26619011,26619011,26619011,26619011,26619011,26619011,26619011,26619011,26619011,26619011,26619011,26619011,26619011,26619011,26619011,26619011,26619011,26619011,26619011,26619011,19223544,15016963,15016963,15254419,15254419,15254419,15647370,15647370,15647370,15647370,15805248,16906227,16930767,18676830,18725974,18725974,18725974,19029981,19366826,19513541,19903786,20453058,20453058,20453058,20619739,21430269,22162582,22162582,22162589,22162589,22162589,22271473,25157968,21558396,26619011,26619011,26619011,26619011,26619011,26619011,26619011,26619011,26619011,26619011,26619011,26619011,26619011,26619011,26619011,26619011,26619011,26619011,26619011,26619011,26619011,26619011,25855885,19223544,23619167	DoCM	MISSENSE_in_CLUSTER_in_any_role_gene	last_portion	178952085	p.H1047R	H/R	1047	A	inside_[cds_in_exon_21]	UEB_47	+	ENST00000263967	1069.0	21
Sox_N	A	MUT		SOLID	c.249C>T	22	Synonymous	10		other			not protein-affecting	polymorphism	0.011	2	chr22:g.38379543G>A	SOX10		CSQN=Synonymous;codon_pos=38379543-38379544-38379545;ref_codon_seq=TAC;aliases=ENSP00000380093;source=Ensembl		22:g.38379543G>A																before_last_exon	38379543	p.Y83Y	Y/Y	83	G	inside_[cds_in_exon_2]	UEB_47	-	ENST00000396884	467.0	4
PI3Ka	A	MUT	33.0	SOLID	c.1633G>A	3	Missense	15		known	tumor_driver	cgc__known__intogen__biomarkers	TIER 1	known in: glioblastoma_multiforme;brain_glioma;skin_melanoma;gastric_adenocarcinoma;brain_stem_glioma;prostate_adenocarcinoma;uterine_carcinosarcoma;lung_small_cell_carcinoma;cervix_carcinoma;head_and_neck_squamous_cell_carcinoma;nasopharynx_carcinoma;non-small_cell_lung_carcinoma;papillary_renal_cell_carcinoma;lung_squamous_cell_carcinoma;ovarian_serous_cystadenocarcinoma;colorectal_cancer;breast_cancer;gallbladder_carcinoma;urinary_bladder_urothelial_carcinoma;uterine_corpus_endometrial_carcinoma;lung_adenocarcinoma;renal_clear_cell_carcinoma;ovarian_cancer;pancreas_adenocarcinoma;hepatocellular_carcinoma;esophageal_carcinoma		10	chr3:g.178936091G>A	PIK3CA	Act	CSQN=Missense;codon_pos=178936091-178936092-178936093;ref_codon_seq=GAG;aliases=ENSP00000263967;source=Ensembl		3:g.178936091G>A	in_cluster						brain_glioma__nasopharynx_carcinoma__pancreas_adenocarcinoma__esophageal_carcinoma__prostate_adenocarcinoma__gallbladder_carcinoma__urinary_bladder_urothelial_carcinoma__ovarian_serous_cystadenocarcinoma__lung_adenocarcinoma__cervix_carcinoma__uterine_carcinosarcoma__lung_small_cell_carcinoma__ovarian_cancer__brain_stem_glioma__non-small_cell_lung_carcinoma__uterine_corpus_endometrial_carcinoma__papillary_renal_cell_carcinoma__glioblastoma_multiforme__lung_squamous_cell_carcinoma__gastric_adenocarcinoma__colorectal_cancer__skin_melanoma__renal_clear_cell_carcinoma__hepatocellular_carcinoma__breast_cancer__head_and_neck_squamous_cell_carcinoma	PMID:15016963,15016963,15254419,15254419,15254419,15647370,15647370,15647370,15647370,15805248,16906227,16930767,18676830,18725974,18725974,18725974,19029981,19366826,19513541,19903786,20453058,20453058,20453058,20619739,21430269,22162582,22162582,22162589,22162589,22162589,22271473,15016963,15016963,15254419,15254419,15254419,15647370,15647370,15647370,15647370,15805248,16906227,16930767,18676830,18725974,18725974,18725974,19029981,19366826,19513541,19903786,20453058,20453058,20453058,20619739,21430269,22162582,22162582,22162589,22162589,22162589,22271473,23066039,23066039,25157968,15016963,15016963,15254419,15254419,15254419,15647370,15647370,15647370,15647370,15805248,16906227,16930767,18676830,18725974,18725974,18725974,19029981,19366826,19513541,19903786,20453058,20453058,20453058,20619739,21430269,22162582,22162582,22162589,22162589,22162589,22271473,23066039,25157968,23888070,19223544,18725974,15016963,15016963,15254419,15254419,15254419,15647370,15647370,15647370,15647370,15805248,16906227,16930767,18676830,18725974,18725974,19029981,19366826,19513541,19903786,20453058,20453058,20453058,20619739,21430269,22162582,22162582,22162589,22162589,22162589,22271473,23066039,25157968,23888070,19223544,15016963,15016963,15254419,15254419,15254419,15647370,15647370,15647370,15647370,15805248,16906227,16930767,18676830,18725974,18725974,18725974,19029981,19366826,19513541,19903786,20453058,20453058,20453058,20619739,21430269,22162582,22162582,22162589,22162589,22162589,22271473,23066039,25157968,23888070,19223544,26619011,26619011,26619011,26619011,26619011,26619011,26619011,26619011,26619011,26619011,26619011,26619011,26619011,26619011,26619011,26619011,26619011,26619011,26619011,26619011,26619011,26619011,26619011,26619011,15016963,15016963,15254419,15254419,15254419,15647370,15647370,15647370,15647370,15805248,16906227,16930767,18676830,18725974,18725974,18725974,19029981,19366826,19513541,19903786,20453058,20453058,20453058,20619739,21430269,22162582,22162582,22162589,22162589,22162589,22271473,23066039,25157968,23888070,19223544,23066039,15016963,15016963,15254419,15254419,15254419,15647370,15647370,15647370,15647370,15805248,16906227,16930767,18676830,18725974,18725974,18725974,19029981,19366826,19513541,19903786,20453058,20453058,20453058,20619739,21430269,22162582,22162582,22162589,22162589,22162589,22271473,25157968,23888070,19223544,26619011,26619011,26619011,26619011,26619011,26619011,26619011,26619011,26619011,26619011,26619011,26619011,26619011,26619011,26619011,26619011,26619011,26619011,26619011,26619011,26619011,26619011,26619011,26619011,16906227,15016963,15016963,15254419,15254419,15254419,15647370,15647370,15647370,15647370,15805248,16906227,16930767,18676830,18725974,18725974,18725974,19029981,19366826,19513541,19903786,20453058,20453058,20453058,20619739,21430269,22162582,22162582,22162589,22162589,22162589,22271473,23066039,25157968,23888070,19223544,26619011,26619011,26619011,26619011,26619011,26619011,26619011,26619011,26619011,26619011,26619011,26619011,26619011,26619011,26619011,26619011,26619011,26619011,26619011,26619011,26619011,26619011,26619011,26619011,16906227	DoCM				PMID:15016963,15016963,15254419,15254419,15254419,15647370,15647370,15647370,15647370,15805248,16906227,16930767,18676830,18725974,18725974,18725974,19029981,19366826,19513541,19903786,20453058,20453058,20453058,20619739,21430269,22162582,22162582,22162589,22162589,22162589,22271473,15016963,15016963,15254419,15254419,15254419,15647370,15647370,15647370,15647370,15805248,16906227,16930767,18676830,18725974,18725974,18725974,19029981,19366826,19513541,19903786,20453058,20453058,20453058,20619739,21430269,22162582,22162582,22162589,22162589,22162589,22271473,23066039,23066039,25157968,15016963,15016963,15254419,15254419,15254419,15647370,15647370,15647370,15647370,15805248,16906227,16930767,18676830,18725974,18725974,18725974,19029981,19366826,19513541,19903786,20453058,20453058,20453058,20619739,21430269,22162582,22162582,22162589,22162589,22162589,22271473,23066039,25157968,23888070,19223544,18725974,15016963,15016963,15254419,15254419,15254419,15647370,15647370,15647370,15647370,15805248,16906227,16930767,18676830,18725974,18725974,19029981,19366826,19513541,19903786,20453058,20453058,20453058,20619739,21430269,22162582,22162582,22162589,22162589,22162589,22271473,23066039,25157968,23888070,19223544,15016963,15016963,15254419,15254419,15254419,15647370,15647370,15647370,15647370,15805248,16906227,16930767,18676830,18725974,18725974,18725974,19029981,19366826,19513541,19903786,20453058,20453058,20453058,20619739,21430269,22162582,22162582,22162589,22162589,22162589,22271473,23066039,25157968,23888070,19223544,26619011,26619011,26619011,26619011,26619011,26619011,26619011,26619011,26619011,26619011,26619011,26619011,26619011,26619011,26619011,26619011,26619011,26619011,26619011,26619011,26619011,26619011,26619011,26619011,15016963,15016963,15254419,15254419,15254419,15647370,15647370,15647370,15647370,15805248,16906227,16930767,18676830,18725974,18725974,18725974,19029981,19366826,19513541,19903786,20453058,20453058,20453058,20619739,21430269,22162582,22162582,22162589,22162589,22162589,22271473,23066039,25157968,23888070,19223544,23066039,15016963,15016963,15254419,15254419,15254419,15647370,15647370,15647370,15647370,15805248,16906227,16930767,18676830,18725974,18725974,18725974,19029981,19366826,19513541,19903786,20453058,20453058,20453058,20619739,21430269,22162582,22162582,22162589,22162589,22162589,22271473,25157968,23888070,19223544,26619011,26619011,26619011,26619011,26619011,26619011,26619011,26619011,26619011,26619011,26619011,26619011,26619011,26619011,26619011,26619011,26619011,26619011,26619011,26619011,26619011,26619011,26619011,26619011,16906227,15016963,15016963,15254419,15254419,15254419,15647370,15647370,15647370,15647370,15805248,16906227,16930767,18676830,18725974,18725974,18725974,19029981,19366826,19513541,19903786,20453058,20453058,20453058,20619739,21430269,22162582,22162582,22162589,22162589,22162589,22271473,23066039,25157968,23888070,19223544,26619011,26619011,26619011,26619011,26619011,26619011,26619011,26619011,26619011,26619011,26619011,26619011,26619011,26619011,26619011,26619011,26619011,26619011,26619011,26619011,26619011,26619011,26619011,26619011,16906227	DoCM	MISSENSE_in_CLUSTER_in_any_role_gene,MISSENSE_with_stringent_FI_in_any_role_gene	before_last_exon	178936091	p.E545K	E/K	545	G	inside_[cds_in_exon_10]	UEB_78	+	ENST00000263967	1069.0	21
Pkinase_Tyr	T	MUT	26.5	SOLID	c.1650T>A	10	Missense	16		known	tumor_driver	intogen__cgc__known__biomarkers	TIER 1	known in: uterine_corpus_endometrial_carcinoma;ED;lung_adenocarcinoma;breast_cancer;nasopharynx_carcinoma;endometrial_adenocarcinoma		12	chr10:g.123258034A>T	FGFR2	Act	CSQN=Missense;codon_pos=123258034-123258035-123258036;ref_codon_seq=AAT;aliases=ENSP00000410294;source=Ensembl		10:g.123258034A>T	in_cluster	in_delicate_domain					endometrial_adenocarcinoma__nasopharynx_carcinoma__uterine_corpus_endometrial_carcinoma__lung_adenocarcinoma__breast_cancer__ED	PMID:18552176,22238366,23002168,23908597,18552176,22238366,23002168,23908597,18552176,22238366,23002168,23908597,18552176,22238366,23002168,23908597,26619011,26619011,26619011,26619011,18552176,22238366,23002168,23908597,18552176,22238366,23002168,23908597,26619011,26619011,26619011,26619011,18552176,22238366,23002168,23908597,26619011,26619011,26619011,26619011__PMID:22238366__PMID:18552176,22238366,23002168,23908597,18552176,22238366,23002168,23908597,18552176,22238366,23002168,23908597,18552176,22238366,23002168,23908597,18552176,22238366,23002168,23908597,18552176,22238366,23002168,23908597,18552176,22238366,23002168,23908597__PMID:23002168__PMID:18552176	Biomarker__DoCM				PMID:18552176,22238366,23002168,23908597,18552176,22238366,23002168,23908597,18552176,22238366,23002168,23908597,18552176,22238366,23002168,23908597,26619011,26619011,26619011,26619011,18552176,22238366,23002168,23908597,18552176,22238366,23002168,23908597,26619011,26619011,26619011,26619011,18552176,22238366,23002168,23908597,26619011,26619011,26619011,26619011__PMID:22238366__PMID:18552176,22238366,23002168,23908597,18552176,22238366,23002168,23908597,18552176,22238366,23002168,23908597,18552176,22238366,23002168,23908597,18552176,22238366,23002168,23908597,18552176,22238366,23002168,23908597,18552176,22238366,23002168,23908597__PMID:23002168__PMID:18552176	Biomarker__DoCM	MISSENSE_in_CLUSTER_in_any_role_gene,MISSENSE_with_stringent_FI_in_any_role_gene,MISSENSE_with_DELICATE_domain_FI_in_any_role_gene	before_last_exon	123258034	p.N550K	N/K	550	A	inside_[cds_in_exon_12]	UEB_78	-	ENST00000457416	823.0	18
	A	MUT	24.5	SOLID	c.1035T>A	3	Missense	2		known	tumor_driver	cgc__known__intogen__biomarkers	TIER 1	known in: glioblastoma_multiforme;uterine_corpus_endometrial_carcinoma;lung_adenocarcinoma;prostate_adenocarcinoma;uterine_carcinosarcoma;colorectal_cancer;head_and_neck_squamous_cell_carcinoma;salivary_gland_adenoid_cystic_carcinoma;breast_cancer;gastric_adenocarcinoma		5	chr3:g.178921553T>A	PIK3CA	Act	CSQN=Missense;codon_pos=178921551-178921552-178921553;ref_codon_seq=AAT;aliases=ENSP00000263967;source=Ensembl		3:g.178921553T>A	in_cluster						uterine_corpus_endometrial_carcinoma__salivary_gland_adenoid_cystic_carcinoma__prostate_adenocarcinoma__colorectal_cancer__lung_adenocarcinoma__glioblastoma_multiforme__uterine_carcinosarcoma__breast_cancer__gastric_adenocarcinoma__head_and_neck_squamous_cell_carcinoma	PMID:19366826,19366826,25157968,25157968,19366826,25157968,25157968,19366826,25157968,25157968,19366826,25157968,25157968,19366826,25157968,25157968,19366826,25157968,25157968,19366826,25157968,25157968__PMID:19366826,19366826,25157968,25157968,19366826,25157968,25157968,19366826,25157968,25157968,19366826,25157968,25157968,26619011,26619011,26619011,26619011,26619011,26619011,26619011,26619011,26619011,26619011,19366826,25157968,25157968,19366826,25157968,25157968,26619011,26619011,26619011,26619011,26619011,26619011,26619011,26619011,26619011,26619011,19366826,25157968,25157968,26619011,26619011,26619011,26619011,26619011,26619011,26619011,26619011,26619011,26619011	DoCM				PMID:19366826,19366826,25157968,25157968,19366826,25157968,25157968,19366826,25157968,25157968,19366826,25157968,25157968,19366826,25157968,25157968,19366826,25157968,25157968,19366826,25157968,25157968__PMID:19366826,19366826,25157968,25157968,19366826,25157968,25157968,19366826,25157968,25157968,19366826,25157968,25157968,26619011,26619011,26619011,26619011,26619011,26619011,26619011,26619011,26619011,26619011,19366826,25157968,25157968,19366826,25157968,25157968,26619011,26619011,26619011,26619011,26619011,26619011,26619011,26619011,26619011,26619011,19366826,25157968,25157968,26619011,26619011,26619011,26619011,26619011,26619011,26619011,26619011,26619011,26619011	DoCM	MISSENSE_in_CLUSTER_in_any_role_gene	before_last_exon	178921553	p.N345K	N/K	345	T	inside_[cds_in_exon_5]	UEB_10	+	ENST00000263967	1069.0	21
Recep_L_domain	T	MUT	23.2	SOLID	c.352G>T	7	Missense	23		other	tumor_driver	intogen__cgc__known__biomarkers	passenger	predicted passenger		3	chr7:g.55211109G>T	EGFR	Act	CSQN=Missense;codon_pos=55211109-55211110-55211111;ref_codon_seq=GCC;aliases=ENSP00000275493;source=Ensembl		7:g.55211109G>T																before_last_exon	55211109	p.A118S	A/S	118	G	inside_[cds_in_exon_3]	UEB_10	+	ENST00000275493	1211.0	28
	T	MUT	34.0	SOLID	c.4189C>T	X	Missense	36		predicted	tumor_driver	intogen	TIER 1	predicted driver: tier 1		27	chrX:g.70627445C>T	TAF1	Act	CSQN=Missense;codon_pos=70627445-70627446-70627447;ref_codon_seq=CGG;aliases=ENSP00000276072;source=Ensembl		X:g.70627445C>T															MISSENSE_with_stringent_FI_in_any_role_gene	before_last_exon	70627445	p.R1397W	R/W	1397	C	inside_[cds_in_exon_27]	UEB_80	+	ENST00000276072	1894.0	38
	T	MUT	22.2	SOLID	c.32C>T	6	Missense	35		other			passenger	predicted passenger		1	chr6:g.26273235C>T	HIST1H2BI		CSQN=Missense;codon_pos=26273234-26273235-26273236;ref_codon_seq=CCG;aliases=ENSP00000366962;source=Ensembl		6:g.26273235C>T																before_last_portion	26273235	p.P11L	P/L	11	C	inside_[cds_in_exon_1]	UEB_80	+	ENST00000377733	127.0	1
	G	MUT	11.62	SOLID	c.3127A>G	3	Missense	11		predicted	tumor_driver	cgc__known__intogen__biomarkers	TIER 1	predicted driver: tier 1		21	chr3:g.178952072A>G	PIK3CA	Act	CSQN=Missense;codon_pos=178952072-178952073-178952074;ref_codon_seq=ATG;aliases=ENSP00000263967;source=Ensembl		3:g.178952072A>G	in_cluster														MISSENSE_in_CLUSTER_in_any_role_gene	last_portion	178952072	p.M1043V	M/V	1043	A	inside_[cds_in_exon_21]	UEB_51	+	ENST00000263967	1069.0	21
P53	T	MUT	33.0	SOLID	c.646G>A	17	Missense	18		predicted	tumor_driver	cgc__predisposing__intogen__biomarkers	TIER 1	predicted driver: tier 1		6	chr17:g.7578203C>T	TP53	LoF	CSQN=Missense;codon_pos=7578201-7578202-7578203;ref_codon_seq=GTG;aliases=ENSP00000269305;source=Ensembl		17:g.7578203C>T	in_cluster														MISSENSE_in_CLUSTER_in_any_role_gene,MISSENSE_with_stringent_FI_in_any_role_gene	before_last_exon	7578203	p.V216M	V/M	216	C	inside_[cds_in_exon_6]	UEB_8	-	ENST00000269305	394.0	11
	-	MUT	34.0	SOLID	c.3331_3334delCAAG	17	Frameshift	19	DISRUPTING_not_distal_in_LoF_role_gene	predicted	tumor_driver	intogen__cgc__predisposing__biomarkers	TIER 1	predicted driver: tier 1		10	chr17:g.41244217_41244220delGCTT	BRCA1	LoF	CSQN=Frameshift;left_align_gDNA=g.41244214_41244217delCTTG;unaligned_gDNA=g.41244214_41244217delCTTG;left_align_cDNA=c.3328_3331delAAGC;unalign_cDNA=c.3331_3334delCAAG;aliases=ENSP00000350283;source=Ensembl		17:g.41244214_41244217del																before_last_exon	41244214	p.Q1111Nfs*5	Q/.	1111	CTTG	inside_[cds_in_exon_10]	UEB_8	-	ENST00000357654	1864.0	23
	T	MUT	10.15	SOLID	c.6182A>T	X	Missense	39		other	tumor_driver	intogen	passenger	predicted passenger		42	chrX:g.70360622A>T	MED12	Act	CSQN=Missense;codon_pos=70360621-70360622-70360623;ref_codon_seq=CAA;aliases=ENSP00000363193;source=Ensembl		X:g.70360622A>T																before_last_exon	70360622	p.Q2061L	Q/L	2061	A	inside_[cds_in_exon_42]	UEB_8	+	ENST00000374080	2178.0	45
	G	MUT	36.0	SOLID	c.6024dupG	13	Frameshift	6	DISRUPTING_not_distal_in_LoF_role_gene	predicted	tumor_driver	cgc__predisposing__intogen__biomarkers	TIER 1	predicted driver: tier 1		11	chr13:g.32914516dupG	BRCA2	LoF	CSQN=Frameshift;left_align_gDNA=g.32914515_32914516insG;unalign_gDNA=g.32914515_32914516insG;left_align_cDNA=c.6023_6024insG;unalign_cDNA=c.6023_6024insG;aliases=ENSP00000369497;source=Ensembl		13:g.32914515_32914516insG																before_last_exon	32914515	p.Q2009Afs*9	Q/.	2009	-	inside_[cds_in_exon_11]	UEB_39	+	ENST00000380152	3419.0	27
Pkinase_Tyr	G	MUT	29.8	SOLID	c.2617T>C	13	Missense	20		predicted	tumor_driver	intogen	TIER 1	predicted driver: tier 1		21	chr13:g.28589763A>G	FLT3	Act	CSQN=Missense;codon_pos=28589761-28589762-28589763;ref_codon_seq=TCA;aliases=ENSP00000241453;source=Ensembl		13:g.28589763A>G		in_delicate_domain													MISSENSE_with_stringent_FI_in_any_role_gene,MISSENSE_with_DELICATE_domain_FI_in_any_role_gene	before_last_exon	28589763	p.S873P	S/P	873	A	inside_[cds_in_exon_21]	UEB_27	-	ENST00000241453	994.0	24
Glyco_hydro_15	A	MUT	26.5	SOLID	c.85G>T	X	Missense	29		other			passenger	predicted passenger		2	chrX:g.18972524C>A	PHKA2		CSQN=Missense;codon_pos=18972522-18972523-18972524;ref_codon_seq=GTC;aliases=ENSP00000369274;source=Ensembl		X:g.18972524C>A																before_last_exon	18972524	p.V29F	V/F	29	C	inside_[cds_in_exon_2]	UEB_27	-	ENST00000379942	1236.0	33
	T	MUT	29.9	SOLID	c.1838G>A	3	Missense	28		other			passenger	predicted passenger		5	chr3:g.114058240C>T	ZBTB20		CSQN=Missense;codon_pos=114058239-114058240-114058241;ref_codon_seq=CGC;aliases=ENSP00000419153;source=Ensembl		3:g.114058240C>T																before_last_portion	114058240	p.R613H	R/H	613	C	inside_[cds_in_exon_5]	UEB_27	-	ENST00000474710	742.0	5
	G	MUT	24.1	SOLID	c.769A>G	X	Missense	5		other	tumor_driver	intogen	passenger	predicted passenger		8	chrX:g.133549085A>G	PHF6	LoF	CSQN=Missense;codon_pos=133549085-133549086-133549087;ref_codon_seq=AGA;aliases=ENSP00000329097;source=Ensembl		X:g.133549085A>G																before_last_exon	133549085	p.R257G	R/G	257	A	inside_[cds_in_exon_8]	UEB_35	+	ENST00000332070	366.0	10
	T	MUT	20.7	SOLID	c.299C>T	16	Missense	31		other			passenger	predicted passenger		1	chr16:g.67876756C>T	THAP11		CSQN=Missense;codon_pos=67876755-67876756-67876757;ref_codon_seq=GCC;aliases=ENSP00000304689;source=Ensembl		16:g.67876756C>T																before_last_portion	67876756	p.A100V	A/V	100	C	inside_[cds_in_exon_1]	UEB_35	+	ENST00000303596	315.0	1
zf-HIT	T	MUT	33.0	SOLID	c.359G>T	7	Missense	26		other			passenger	predicted passenger		4	chr7:g.100867039G>T	ZNHIT1		CSQN=Missense;codon_pos=100867038-100867039-100867040;ref_codon_seq=TGT;aliases=ENSP00000304593;source=Ensembl		7:g.100867039G>T																before_last_exon	100867039	p.C120F	C/F	120	G	inside_[cds_in_exon_4]	UEB_25	+	ENST00000305105	155.0	5
Amino_oxidase	G	MUT	24.8	SOLID	c.1255A>G	1	Missense	25		other			passenger	predicted passenger		12	chr1:g.161140703A>G	PPOX		CSQN=Missense;codon_pos=161140703-161140704-161140705;ref_codon_seq=ATT;aliases=ENSP00000356978;source=Ensembl		1:g.161140703A>G																before_last_exon	161140703	p.I419V	I/V	419	A	inside_[cds_in_exon_12]	UEB_25	+	ENST00000367999	478.0	13
	A	MUT	14.54	SOLID	c.776C>T	10	Missense	27		other			passenger	predicted passenger		4	chr10:g.21805976G>A	SKIDA1		CSQN=Missense;codon_pos=21805975-21805976-21805977;ref_codon_seq=GCG;aliases=ENSP00000410041;source=Ensembl		10:g.21805976G>A																before_last_portion	21805976	p.A259V	A/V	259	G	inside_[cds_in_exon_4]	UEB_25	-	ENST00000449193	909.0	4
	A	MUT	21.1	SOLID	c.164G>A	6	Missense	21		other			passenger	predicted passenger		1	chr6:g.34857343G>A	ANKS1A		CSQN=Missense;codon_pos=34857342-34857343-34857344;ref_codon_seq=GGC;aliases=ENSP00000353518;source=Ensembl		6:g.34857343G>A																before_last_exon	34857343	p.G55D	G/D	55	G	inside_[cds_in_exon_1]	UEB_5	+	ENST00000360359	1135.0	24
	G	MUT	27.2	SOLID	c.166T>C	5	Missense	38		other			passenger	predicted passenger		1	chr5:g.45696030A>G	HCN1		CSQN=Missense;codon_pos=45696028-45696029-45696030;ref_codon_seq=TCC;aliases=ENSP00000307342;source=Ensembl		5:g.45696030A>G																before_last_exon	45696030	p.S56P	S/P	56	A	inside_[cds_in_exon_1]	UEB_83	-	ENST00000303230	891.0	8
	T	MUT		SOLID	c.1390-14A>T	13	IntronicSNV	17		other	tumor_driver	intogen__cgc__biomarkers	not protein-affecting	polymorphism	0.025	-	chr13:g.48954175A>T	RB1	LoF	CSQN=IntronicSNV;aliases=ENSP00000267163;source=Ensembl		13:g.48954175A>T																-	48954175	.	./.	.	A	inside_[intron_between_exon_14_and_15]	UEB_83	+	ENST00000267163	929.0	27
RunxI	C	MUT	22.7	SOLID	c.1197C>G	21	Missense	33		other	tumor_driver	intogen	passenger	predicted passenger		9	chr21:g.36164678G>C	RUNX1	ambiguous	CSQN=Missense;codon_pos=36164678-36164679-36164680;ref_codon_seq=AGC;aliases=ENSP00000409227;source=Ensembl		21:g.36164678G>C																before_last_portion	36164678	p.S399R	S/R	399	G	inside_[cds_in_exon_9]	UEB_37	-	ENST00000437180	481.0	9
	T	MUT	23.5	SOLID	c.383G>A	1	Missense	32		other			passenger	predicted passenger		1	chr1:g.154842058C>T	KCNN3		CSQN=Missense;codon_pos=154842057-154842058-154842059;ref_codon_seq=AGC;aliases=ENSP00000271915;source=Ensembl		1:g.154842058C>T																before_last_exon	154842058	p.S128N	S/N	128	C	inside_[cds_in_exon_1]	UEB_37	-	ENST00000271915	732.0	8
	T	MUT	21.7	SOLID	c.28G>T	19	Missense	41		other			passenger	predicted passenger		2	chr19:g.53075522G>T	ZNF701		CSQN=Missense;codon_pos=53075522-53075523-53075524;ref_codon_seq=GGT;aliases=ENSP00000444339;source=Ensembl		19:g.53075522G>T																before_last_exon	53075522	p.G10C	G/C	10	G	inside_[cds_in_exon_2]	UEB_84	+	ENST00000540331	532.0	5
	G	MUT	20.2	SOLID	c.4412A>G	17	Missense	22		other	tumor_driver	intogen__cgc__known__biomarkers	passenger	predicted passenger		33	chr17:g.29586129A>G	NF1	LoF	CSQN=Missense;codon_pos=29586128-29586129-29586130;ref_codon_seq=AAC;aliases=ENSP00000351015;source=Ensembl		17:g.29586129A>G																before_last_exon	29586129	p.N1471S	N/S	1471	A	inside_[cds_in_exon_33]	UEB_81	+	ENST00000358273	2840.0	58
HMG_box	G	MUT	32.0	SOLID	c.458A>G	16	Missense	37		other			passenger	predicted passenger		2	chr16:g.1033763A>G	SOX8		CSQN=Missense;codon_pos=1033762-1033763-1033764;ref_codon_seq=GAG;aliases=ENSP00000293894;source=Ensembl		16:g.1033763A>G		in_delicate_domain														before_last_exon	1033763	p.E153G	E/G	153	A	inside_[cds_in_exon_2]	UEB_81	+	ENST00000293894	447.0	3
DUF2315	A	MUT	23.7	SOLID	c.334G>A	14	Missense	24		other			passenger	predicted passenger		2	chr14:g.104038131G>A	APOPT1		CSQN=Missense;codon_pos=104038131-104038132-104038133;ref_codon_seq=GCA;aliases=ENSP00000386485;source=Ensembl		14:g.104038131G>A																before_last_exon	104038131	p.A112T	A/T	112	G	inside_[cds_in_exon_2]	UEB_14	+	ENST00000409074	207.0	5
DUF2315	A	MUT	23.7	SOLID	c.334G>A	14	Missense	24		other			passenger	predicted passenger		2	chr14:g.104038131G>A	KLC1		CSQN=Missense;codon_pos=104038131-104038132-104038133;ref_codon_seq=GCA;aliases=ENSP00000439065;source=Ensembl		14:g.104038131G>A																before_last_exon	104038131	p.A112T	A/T	112	G	inside_[cds_in_exon_2]	UEB_14	+	ENST00000472726	733.0	18
